,,"How to use this sheet: This sheet is designed to allow you to track your progress.  
Once you have mastered a grammar point or vocabulary / kanji  change the selector in Yes and your progress percentage will update",,,
,,,,,
,,Copyright © 2019 Coto Japanese Academy,,,
,,https://www.cotoacademy.com,,,
,,This is a read only version - go to FILE > MAKE A COPY to download to your own google drive,,,
Kanji,Hiragana,English,Mastered?,Percent Completed,Vocabulary Mastered
,,,,0.00%,0
見舞い,みまい,"enquiry,expression of sympathy,expression of concern",FALSE,,
援助,えんじょ,"assistance,aid,support",FALSE,,
黙る,だまる,to be silent,FALSE,,
宗教,しゅうきょう,religion,FALSE,,
,テント,tent,FALSE,,
目標,もくひょう,"mark,objective,target",FALSE,,
睡眠,すいみん,sleep,FALSE,,
調査,ちょうさ,"investigation,examination,inquiry,survey",FALSE,,
夜,よ,"evening,night",FALSE,,
汚染,おせん,"pollution,contamination",FALSE,,
現代,げんだい,"nowadays,modern times,present-day",FALSE,,
土地,とち,"plot of land,lot,soil",FALSE,,
支払,しはらい,payment,FALSE,,
震える,ふるえる,"to shiver,to shake,to quake",FALSE,,
作物,さくもつ,"produce (e.g. agricultural),crops",FALSE,,
引っ張る,ひっぱる,"(1) to pull,to draw,to stretch,to drag,(2) to pull the ball (baseball)",FALSE,,
単位,たんい,"unit,denomination,credit (in school)",FALSE,,
川,かわ,river,FALSE,,
無料,むりょう,"free,no charge",FALSE,,
意思,いし,"intention,purpose",FALSE,,
虫歯,むしば,"cavity,tooth decay,decayed tooth,caries",FALSE,,
姿,すがた,"figure,shape,appearance",FALSE,,
承知,しょうち,"consent,acceptance,assent,admitting",FALSE,,
休憩,きゅうけい,"rest,break,recess,intermission",FALSE,,
加える,くわえる,"to append,to sum up,to add (up)",FALSE,,
怪我,けが,"injury (to animate object),hurt",FALSE,,
姉妹,しまい,sisters,FALSE,,
個人,こじん,"individual,private person,personal,private",FALSE,,
読み,よみ,reading,FALSE,,
巨大,きょだい,"huge,gigantic,enormous",FALSE,,
異なる,ことなる,"to differ,to vary,to disagree",FALSE,,
一種,いっしゅ,"a species,a kind,a variety",FALSE,,
紐,ひも,"(1) string,cord,(2) pimp",FALSE,,
劇,げき,"drama,play",FALSE,,
気付く,きづく,"to notice,to recognize,to become aware of",FALSE,,
有利,ゆうり,"advantageous,better,profitable,lucrative",FALSE,,
量,りょう,"quantity,amount,volume,portion (of food)",FALSE,,
題,だい,"title,subject,theme,topic",FALSE,,
向ける,むける,"to turn towards,to point",FALSE,,
恐怖,きょうふ,"be afraid,dread,dismay,terror",FALSE,,
訴える,うったえる,"to sue (a person),to resort to,to appeal to",FALSE,,
段,だん,"step,stair,flight of steps,grade,rank,level",FALSE,,
可,か,passable,FALSE,,
友,とも,"friend,companion,pal",FALSE,,
通り,とおり,"in accordance with ~,following ~,~ Street,~ Avenue",FALSE,,
怠ける,なまける,"to be idle,to neglect",FALSE,,
急に,きゅうに,,FALSE,,
分,ぶ,"dividing,part",FALSE,,
事務,じむ,"business,office work",FALSE,,
職業,しょくぎょう,"occupation,business",FALSE,,
画家,がか,"painter,artist",FALSE,,
翼,つばさ,wings,FALSE,,
,デモ,"(abbr) demo,demonstration",FALSE,,
許す,ゆるす,"to permit,to allow,to approve",FALSE,,
弾,たま,"bullet,shot,shell",FALSE,,
,いつまでも,"forever,for good,eternally,as long as one likes,indefinitely",FALSE,,
気の毒,きのどく,"pitiful,a pity",FALSE,,
地平線,ちへいせん,horizon,FALSE,,
変化,へんか,"goblin,ghost,apparition,bugbear",FALSE,,
費用,ひよう,"cost,expense",FALSE,,
名,な,"name,reputation",FALSE,,
経由,けいゆ,"go by the way,via",FALSE,,
少女,しょうじょ,"daughter,young lady,virgin,maiden,little girl",FALSE,,
正,せい,"(logical) true,regular",FALSE,,
損,そん,"loss,disadvantage",FALSE,,
太陽,たいよう,"sun,solar",FALSE,,
感じ,かんじ,"feeling,sense,impression",FALSE,,
実験,じっけん,experiment,FALSE,,
祭,まつり,"festival,feast",FALSE,,
稲,いね,rice-plant,FALSE,,
,パイプ,"(1) pipe,tube,(2) channels, official or otherwise",FALSE,,
単語,たんご,"word,vocabulary,(usually) single-character word",FALSE,,
感じる,かんじる,"to feel,to sense,to experience",FALSE,,
書類,しょるい,"documents,official papers",FALSE,,
成る,なる,to become,FALSE,,
人生,じんせい,(human) life (i.e. conception to death),FALSE,,
完成,かんせい,"(1) complete,completion,(2) perfection,accomplishment",FALSE,,
国家,こっか,"state,country,nation",FALSE,,
除く,のぞく,"to remove,to exclude,to except",FALSE,,
人間,にんげん,"human being,man,person",FALSE,,
注目,ちゅうもく,"notice,attention,observation",FALSE,,
邪魔,じゃま,"hindrance,intrusion",FALSE,,
,いつか,"sometime,someday,one day",FALSE,,
製造,せいぞう,"manufacture,production",FALSE,,
訓練,くんれん,"practice,training",FALSE,,
砂漠,さばく,desert,FALSE,,
帯,おび,"band (e.g. conduction, valence)",FALSE,,
,ぐっすり,"sound asleep,fast asleep",FALSE,,
関連,かんれん,"relation,connection,relevance",FALSE,,
,スキー,skiing,FALSE,,
現実,げんじつ,reality,FALSE,,
座席,ざせき,seat,FALSE,,
役,やく,"use,service,role,position",FALSE,,
克服,こくふく,"subjugation,conquest",FALSE,,
唯,ただ,"free of charge,mere,sole,only,usual,common",FALSE,,
筋,すじ,"muscle,string,line",FALSE,,
速度,そくど,"speed,velocity,rate",FALSE,,
主張,しゅちょう,"claim,request,insistence,assertion",FALSE,,
直ちに,ただちに,"at once,immediately,directly,in person",FALSE,,
面倒,めんどう,"trouble,difficulty,care,attention",FALSE,,
通じる,つうじる,"to run to,to lead to,to communicate,to understand",FALSE,,
偶々,たまたま,"casually,unexpectedly,accidentally,by chance",FALSE,,
年代,ねんだい,"age,era,period,date",FALSE,,
逆,ぎゃく,"reverse,opposite",FALSE,,
憲法,けんぽう,constitution,FALSE,,
,すごい,"terrible,dreadful,terrific,amazing,great",FALSE,,
集団,しゅうだん,"group,mass",FALSE,,
罪,つみ,"crime,fault,indiscretion",FALSE,,
破産,はさん,(personal) bankruptcy,FALSE,,
すみません,（感）,"sorry,excuse me",FALSE,,
連想,れんそう,"association (of ideas),suggestion",FALSE,,
飛ばす,とばす,"to skip over,to omit",FALSE,,
給料,きゅうりょう,"salary,wages",FALSE,,
偶然,ぐうぜん,"(by) chance,unexpectedly,suddenly",FALSE,,
明ける,あける,"to dawn,to become daylight",FALSE,,
最終,さいしゅう,"last,final,closing",FALSE,,
労働,ろうどう,"manual labor,toil,work",FALSE,,
,つまり,"in short,in brief,in other words",FALSE,,
分析,ぶんせき,analysis,FALSE,,
記事,きじ,"article,news story,report,account",FALSE,,
腰,こし,hip,FALSE,,
不,ぶ,"un,non,negative prefix",FALSE,,
任せる,まかせる,"to entrust to another,to leave to",FALSE,,
,プラン,plan,FALSE,,
暮らす,くらす,"to live,to get along",FALSE,,
及ぼす,およぼす,"to exert,to cause,to exercise",FALSE,,
症状,しょうじょう,"symptoms,condition",FALSE,,
倒す,たおす,"to throw down,to beat,to bring down,to blow down",FALSE,,
移動,いどう,"removal,migration,movement",FALSE,,
尻,しり,"buttocks,bottom",FALSE,,
期待,きたい,"expectation,anticipation,hope",FALSE,,
全く,まったく,"really,truly,entirely,completely",FALSE,,
市場,いちば,(the) market (as a concept),FALSE,,
穀物,こくもつ,"grain,cereal,corn",FALSE,,
可能,かのう,"possible,practicable,feasible",FALSE,,
書物,しょもつ,books,FALSE,,
明かり,あかり,"lamplight,light (in general),brightness",FALSE,,
満ちる,みちる,"to be full,to rise (tide),to mature,to expire",FALSE,,
公平,こうへい,"fairness,impartial,justice",FALSE,,
愛する,あいする,to love,FALSE,,
銃,じゅう,gun,FALSE,,
礼儀,れいぎ,"manners,courtesy,etiquette",FALSE,,
理解,りかい,"understanding,comprehension",FALSE,,
考慮,こうりょ,"consideration,taking into account",FALSE,,
考え,かんがえ,"thinking,thought,ideas,intention",FALSE,,
札,さつ,"(1) token,label,(2) ticket,(3) charm",FALSE,,
成績,せいせき,"results,record",FALSE,,
中心,ちゅうしん,"center,core,heart,pivot,emphasis,balance",FALSE,,
試し,ためし,"trial,test",FALSE,,
,できれば,,FALSE,,
感覚,かんかく,"sense,sensation",FALSE,,
衣服,いふく,clothes,FALSE,,
年中,ねんじゅう,"whole year,always,everyday",FALSE,,
暮らし,くらし,"living,livelihood,subsistence,circumstances",FALSE,,
困難,こんなん,"difficulty,distress",FALSE,,
合図,あいず,"sign,signal",FALSE,,
歓迎,かんげい,"welcome,reception",FALSE,,
角,すみ,horn,FALSE,,
一人一人,ひとりひとり,"one by one,each,one at a time",FALSE,,
過ごす,すごす,"to pass,to spend,to go through,to tide over",FALSE,,
用いる,もちいる,"to use,to make use of",FALSE,,
飽きる,あきる,"to get tired of,to lose interest in,to have enough",FALSE,,
不可,ふか,"wrong,bad,improper,unjustifiable,inadvisable",FALSE,,
,ヨーロッパ,Europe,FALSE,,
しまい,（終わり）,sisters,FALSE,,
評価,ひょうか,"valuation,estimation,assessment,evaluation",FALSE,,
覚悟,かくご,"resolution,resignation,readiness,preparedness",FALSE,,
異常,いじょう,"strangeness,abnormality,disorder",FALSE,,
高速,こうそく,"high speed,high gear",FALSE,,
時刻,じこく,"instant,time,moment",FALSE,,
利口,りこう,"clever,shrewd,bright,sharp,wise,intelligent",FALSE,,
骨,ほね,bone,FALSE,,
長期,ちょうき,long time period,FALSE,,
,ですから,therefore,FALSE,,
生,なま,"(1) draft (beer),(2) raw,unprocessed",FALSE,,
相当,そうとう,"suitable,fair,tolerable,proper",FALSE,,
粗,あら,"defect,flaw,blemish,weak point",FALSE,,
全,ぜん,"all,whole,entire,complete,overall,pan",FALSE,,
共に,ともに,"sharing with,participate in",FALSE,,
夕べ,ゆうべ,evening,FALSE,,
急速,きゅうそく,rapid (e.g. progress),FALSE,,
学,がく,"learning,scholarship,erudition,knowledge",FALSE,,
一方,いっぽう,"(1) on the other hand,(2) meanwhile,(3) only,simple,in turn",FALSE,,
逆らう,さからう,"to go against,to oppose,to disobey,to defy",FALSE,,
違い,ちがい,"difference,discrepancy",FALSE,,
だが,だが,,FALSE,,
助手,じょしゅ,"helper,helpmeet,assistant,tutor",FALSE,,
減る,へる,"to decrease (in size or number),to diminish,to abate",FALSE,,
鍋,なべ,"saucepan,pot",FALSE,,
預ける,あずける,"to give into custody,to entrust,to deposit",FALSE,,
気味,きみ,"-like,-looking,-looked",FALSE,,
連れ,つれ,"companion,company",FALSE,,
全然,ぜんぜん,"(1) wholly,entirely,completely,(2) not at all (with neg. verb)",FALSE,,
入場,にゅうじょう,"entrance,admission,entering",FALSE,,
自殺,じさつ,suicide,FALSE,,
塵,ごみ,"dust,dirt",FALSE,,
希望,きぼう,"hope,wish,aspiration",FALSE,,
油,あぶら,oil,FALSE,,
交際,こうさい,"company,friendship,association,society,acquaintance",FALSE,,
頬,ほほ,cheek (of face),FALSE,,
膝,ひざ,"knee,lap",FALSE,,
悲しむ,かなしむ,"to be sad,to mourn for,to regret",FALSE,,
,レポート,"report,paper",FALSE,,
生まれ,うまれ,"birth,birth-place",FALSE,,
裏切る,うらぎる,"to betray,to turn traitor to,to double-cross",FALSE,,
一般,いっぱん,"general,liberal,universal,ordinary,average",FALSE,,
岩,いわ,"rock,crag",FALSE,,
濡れる,ぬれる,to get wet,FALSE,,
描く,えがく,"to draw,to paint,to sketch,to depict,to describe",FALSE,,
四,し,four,FALSE,,
,しばしば,"often,again and again,frequently",FALSE,,
玉,たま,"ball,sphere,coin",FALSE,,
貧しい,まずしい,"poor,needy",FALSE,,
覚ます,さます,to awaken,FALSE,,
苦手,にがて,"poor (at),weak (in),dislike (of)",FALSE,,
未だ,まだ,"yet,still,more,besides",FALSE,,
哲学,てつがく,philosophy,FALSE,,
渋滞,じゅうたい,"congestion (e.g. traffic),delay,stagnation",FALSE,,
退屈,たいくつ,"tedium,boredom",FALSE,,
,ホーム,"(1) platform,(2) home",FALSE,,
眺め,ながめ,"scene,view,prospect,outlook",FALSE,,
日曜,にちよう,Sunday,FALSE,,
外す,はずす,"to unfasten,to remove",FALSE,,
航空,こうくう,"aviation,flying",FALSE,,
国境,こっきょう,national or state border,FALSE,,
金額,きんがく,amount of money,FALSE,,
印刷,いんさつ,printing,FALSE,,
,いただきます,expression of gratitude before meals,FALSE,,
散歩,さんぽ,"walk,stroll",FALSE,,
銀,ぎん,"(1) silver,silver coin,silver paint",FALSE,,
責める,せめる,"to condemn,to blame,to criticize",FALSE,,
一番,いちばん,"best,first,number one",FALSE,,
財産,ざいさん,"property,fortune,assets",FALSE,,
部分,ぶぶん,"portion,section,part",FALSE,,
親戚,しんせき,relative,FALSE,,
絶滅,ぜつめつ,"destruction,extinction",FALSE,,
,メンバー,member,FALSE,,
金銭,きんせん,"money,cash",FALSE,,
張る,はる,"to stick,to paste",FALSE,,
貰う,もらう,to receive,FALSE,,
独立,どくりつ,"independence (e.g. Ind. Day),self-support",FALSE,,
素晴らしい,すばらしい,"wonderful,splendid,magnificent",FALSE,,
,まあ,(female) you might say,FALSE,,
最中,さいちゅう,in the middle of,FALSE,,
人類,じんるい,"mankind,humanity",FALSE,,
係,かかり,"official,duty,person in charge",FALSE,,
性,せい,"sex,gender",FALSE,,
,うるさい,"noisy,loud,fussy",FALSE,,
始まり,はじまり,"origin,beginning",FALSE,,
勧める,すすめる,"to recommend,to advise,to encourage,to offer (wine)",FALSE,,
ノー,（no）,,FALSE,,
学習,がくしゅう,"study,learning",FALSE,,
氷,こおり,"ice,hail",FALSE,,
,インク,ink,FALSE,,
世間,せけん,"world,society",FALSE,,
先日,せんじつ,"the other day,a few days ago",FALSE,,
契約,けいやく,"contract,compact,agreement",FALSE,,
硬貨,こうか,coin,FALSE,,
消費,しょうひ,"consumption,expenditure",FALSE,,
底,そこ,"bottom,sole",FALSE,,
発行,はっこう,issue (publications),FALSE,,
濠,ほり,moat,FALSE,,
,トンネル,tunnel,FALSE,,
,そっと,face of the earth,FALSE,,
盛り,さかり,"helping,serving",FALSE,,
,ハンサム,handsome,FALSE,,
所為,せい,"cause,reason,fault",FALSE,,
結ぶ,むすぶ,"to tie,to bind,to link",FALSE,,
要素,ようそ,element,FALSE,,
墓,はか,"grave,tomb",FALSE,,
農民,のうみん,"farmers,peasants",FALSE,,
穏やか,おだやか,"calm,gentle,quiet",FALSE,,
運動,うんどう,"motion,exercise",FALSE,,
決心,けっしん,"determination,resolution",FALSE,,
約,やく,"approximately,about,some",FALSE,,
凍る,こおる,"to freeze,to be frozen over,to congeal",FALSE,,
しまう,（終わる）,"to finish,to close,to do something completely",FALSE,,
家具,かぐ,furniture,FALSE,,
,マスター,"proprietor,manager,barowner,master (e.g. arts, science)",FALSE,,
繋ぐ,つなぐ,"to tie,to fasten,to connect,to transfer (phone call)",FALSE,,
科目,かもく,"(school) subject,curriculum,course",FALSE,,
善,ぜん,"good,goodness,right,virtue",FALSE,,
時,とき,"(1) time,hour,(2) occasion,moment",FALSE,,
月曜,げつよう,Monday,FALSE,,
作家,さっか,"author,writer,novelist,artist",FALSE,,
外出,がいしゅつ,"outing,going out",FALSE,,
残り,のこり,"remnant,residue,remaining,left-over",FALSE,,
現れ,あらわれ,"embodiment,materialization",FALSE,,
資本,しほん,"funds,capital",FALSE,,
失う,うしなう,"to lose,to part with",FALSE,,
流行,りゅうこう,"fashionable,fad,in vogue,prevailing",FALSE,,
読書,どくしょ,reading,FALSE,,
見送り,みおくり,"seeing one off,farewell,escort",FALSE,,
,そっくり,"all,altogether,entirely,be just like,the splitting image of",FALSE,,
才能,さいのう,"talent,ability",FALSE,,
緊張,きんちょう,"tension,mental strain,nervousness",FALSE,,
演技,えんぎ,"acting,performance",FALSE,,
語,ご,"language,word",FALSE,,
明確,めいかく,"clear up,clarify,define",FALSE,,
粉,こな,"flour,meal,powder",FALSE,,
母親,ははおや,mother,FALSE,,
したがって,したがって,"therefore,consequently,in accordance with",FALSE,,
作業,さぎょう,"work,operation,manufacturing,fatigue duty",FALSE,,
,たっぷり,"full,in plenty,ample",FALSE,,
癖,くせ,"a habit (often a bad habit),peculiarity",FALSE,,
課,か,counter for chapters (of a book),FALSE,,
生物,せいぶつ,raw food,FALSE,,
分野,ぶんや,"field,sphere,realm,division,branch",FALSE,,
煙,けむり,"smoke,fumes",FALSE,,
人物,じんぶつ,"character,personality,person,man,personage,talented man",FALSE,,
患者,かんじゃ,a patient,FALSE,,
検査,けんさ,"inspection (e.g. customs, factory),examination",FALSE,,
,パスポート,passport,FALSE,,
,だって,"but,because,even,also,too",FALSE,,
額,がく,"forehead,brow",FALSE,,
通す,とおす,"to let pass,to overlook,to continue",FALSE,,
何とか,なんとか,"somehow,anyhow,one way or another",FALSE,,
苦労,くろう,"troubles,hardships",FALSE,,
,ドラマ,drama,FALSE,,
大いに,おおいに,"very,much,greatly",FALSE,,
物理,ぶつり,physics,FALSE,,
成人,せいじん,adult,FALSE,,
衝突,しょうとつ,"collision,conflict",FALSE,,
,バイオリン,violin,FALSE,,
感情,かんじょう,"emotion(s),feeling(s),sentiment",FALSE,,
加減,かげん,"addition and subtraction,allowance for",FALSE,,
,ママ,Mama,FALSE,,
地位,ちい,"(social) position,status",FALSE,,
お互い,おたがい,"mutual,reciprocal,each other",FALSE,,
牛,うし,"cattle,cow",FALSE,,
操作,そうさ,"operation,management,processing",FALSE,,
石炭,せきたん,coal,FALSE,,
,ピン,pin,FALSE,,
境,さかい,"border,boundary,mental state",FALSE,,
直接,ちょくせつ,"direct,immediate,personal,firsthand",FALSE,,
,コーチ,coach,FALSE,,
,それでも,"but (still),and yet,nevertheless,even so,notwithstanding",FALSE,,
褒める,ほめる,"to praise,to admire,to speak well",FALSE,,
家事,かじ,"housework,domestic chores",FALSE,,
積もる,つもる,to pile up,FALSE,,
何でも,なんでも,"by all means,everything",FALSE,,
計算,けいさん,"calculation,reckoning",FALSE,,
設計,せっけい,"plan,design",FALSE,,
器用,きよう,"skillful,handy",FALSE,,
級,きゅう,"class, grade, rank,school class, grade",FALSE,,
平和,へいわ,"peace,harmony",FALSE,,
注,ちゅう,"annotation,explanatory note",FALSE,,
,どうか,copper coin,FALSE,,
手品,てじな,"sleight of hand,conjuring trick,magic,juggling",FALSE,,
性格,せいかく,"character,personality",FALSE,,
者,もの,person,FALSE,,
環境,かんきょう,"environment,circumstance",FALSE,,
打つ,ぶつ,"to hit,to strike",FALSE,,
会合,かいごう,"meeting,assembly",FALSE,,
,ドレス,dress,FALSE,,
,ビール,beer,FALSE,,
句,く,sentence,FALSE,,
,ちょうだい,"(1) please do for me (preceded by -te),(2) reception,being given,get",FALSE,,
週,しゅう,week,FALSE,,
詩人,しじん,poet,FALSE,,
方法,ほうほう,"method,manner,way,means,technique",FALSE,,
乗せる,のせる,"to place on (something),to take on board,to give a ride",FALSE,,
腐る,くさる,"to rot,to go bad",FALSE,,
すると,すると,"thereupon,hereupon",FALSE,,
或,ある,"a certain...,some...",FALSE,,
証明,しょうめい,"proof,verification",FALSE,,
地,ち,earth,FALSE,,
,パイロット,pilot,FALSE,,
結局,けっきょく,"after all,eventually",FALSE,,
不平,ふへい,"complaint,discontent,dissatisfaction",FALSE,,
愛情,あいじょう,"love,affection",FALSE,,
学問,がくもん,"scholarship,study,learning",FALSE,,
沈む,しずむ,"to sink,to feel depressed",FALSE,,
,ジュース,"juice,soft drink,deuce",FALSE,,
向かい,むかい,"facing,opposite,across the street,other side",FALSE,,
裸,はだか,"naked,nude",FALSE,,
,エンジン,engine,FALSE,,
梅雨,つゆ,"rainy season,rain during the rainy season",FALSE,,
商品,しょうひん,"commodity,article of commerce,goods,stock,merchandise",FALSE,,
陽気,ようき,"season,weather,cheerfulness",FALSE,,
空き,あき,"room,time to spare,emptiness",FALSE,,
猿,さる,monkey,FALSE,,
軒,のき,eaves,FALSE,,
混雑,こんざつ,"confusion,congestion",FALSE,,
音,おん,"sound,note",FALSE,,
消防,しょうぼう,"fire fighting,fire department",FALSE,,
続き,つづき,"sequel,continuation",FALSE,,
日中,にっちゅう,"daytime,broad daylight",FALSE,,
多分,たぶん,"perhaps,probably",FALSE,,
熱中,ねっちゅう,"nuts!,enthusiasm,zeal,mania",FALSE,,
作法,さほう,"manners,etiquette,propriety",FALSE,,
方々,かたがた,"persons,this and that,here and there,everywhere",FALSE,,
戦い,たたかい,"battle,fight,struggle,conflict",FALSE,,
,いけない,"must not do,bad,wrong,not good",FALSE,,
,いらっしゃい,welcome,FALSE,,
離婚,りこん,divorce,FALSE,,
勘,かん,"perception,intuition,the sixth sense",FALSE,,
徐々に,じょじょに,"slowly,little by little,gradually,steadily,quietly",FALSE,,
等,など,"et cetera,etc.,and the like",FALSE,,
何か,なにか,something,FALSE,,
食卓,しょくたく,dining table,FALSE,,
大部分,だいぶぶん,"most part,greater part,majority",FALSE,,
,なお,"straight,mischief,ordinary,common",FALSE,,
命じる,めいじる,"to order,to command,to appoint",FALSE,,
街,まち,"(1) town,(2) street,road",FALSE,,
署名,しょめい,signature,FALSE,,
税金,ぜいきん,"tax,duty",FALSE,,
夫人,ふじん,"wife,Mrs,madam",FALSE,,
調子,ちょうし,"tune,tone,key",FALSE,,
屋根,やね,roof,FALSE,,
劇場,げきじょう,"theatre,playhouse",FALSE,,
,サイン,"(1) autograph,(2) sign,(3) sine",FALSE,,
,コピー,"(1) a (photo)copy,(2) blurb on a book jacket",FALSE,,
丘,おか,"hill,height,knoll,rising ground",FALSE,,
この,この,this,FALSE,,
不足,ふそく,"insufficiency,shortage,deficiency,lack,dearth",FALSE,,
俳優,はいゆう,"actor,actress,player,performer",FALSE,,
突然,とつぜん,"abruptly,suddenly,unexpectedly,all at once",FALSE,,
認める,みとめる,"to recognize,to appreciate,to approve,to admit,to notice",FALSE,,
場,ば,"place,field (physics)",FALSE,,
柄,え,"handle,grip",FALSE,,
制限,せいげん,"restriction,restraint,limitation",FALSE,,
販売,はんばい,"sale,selling,marketing",FALSE,,
答案,とうあん,"examination paper,examination script",FALSE,,
候補,こうほ,candidacy,FALSE,,
辞める,やめる,to retire,FALSE,,
,とにかく,"anyhow,at any rate,anyway,somehow or other,generally speaking,in any case",FALSE,,
注文,ちゅうもん,"order,request",FALSE,,
代理,だいり,"representation,agency,proxy,deputy,agent",FALSE,,
巣,す,"nest,rookery,breeding place,beehive,cobweb",FALSE,,
物価,ぶっか,"prices of commodities,prices (in general)",FALSE,,
,きちんと,"precisely,accurately",FALSE,,
現れる,あらわれる,"(1) to appear,to come in sight,to become visible,(2) to express oneself",FALSE,,
嫁,よめ,"bride,daughter-in-law",FALSE,,
優勝,ゆうしょう,"overall victory,championship",FALSE,,
どれ,どれ,"well,now,let me see,which (of three or more)",FALSE,,
節約,せつやく,"economising,saving",FALSE,,
述べる,のべる,"to state,to express,to mention",FALSE,,
従兄弟,いとこ,cousin (male),FALSE,,
報告,ほうこく,"report,information",FALSE,,
図書,としょ,books,FALSE,,
貴重,きちょう,"precious,valuable",FALSE,,
引用,いんよう,"quotation,citation",FALSE,,
,スター,star,FALSE,,
状態,じょうたい,"condition,situation,circumstances,state",FALSE,,
発表,はっぴょう,"announcement,publication",FALSE,,
人種,じんしゅ,race (of people),FALSE,,
悪魔,あくま,"devil,demon,evil spirit",FALSE,,
破る,やぶる,"to tear,to violate,to defeat,to smash,to destroy",FALSE,,
,びっくり,"be surprised,be amazed,be frightened,astonishment",FALSE,,
大した,たいした,"considerable,great,important,significant,a big deal",FALSE,,
飛び出す,とびだす,"to jump out,to rush out,to fly out",FALSE,,
範囲,はんい,"extent,scope,sphere,range",FALSE,,
一体,いったい,"(1) one object,one body,(2) what on earth?,really?,(3) generally",FALSE,,
布,ぬの,cloth,FALSE,,
失望,しつぼう,"disappointment,despair",FALSE,,
苦しむ,くるしむ,"to suffer,to groan,to be worried",FALSE,,
基本,きほん,"foundation,basis,standard",FALSE,,
年齢,ねんれい,"age,years",FALSE,,
記録,きろく,"record,minutes,document",FALSE,,
,エネルギー,(n) energy (de: Energie),FALSE,,
金持ち,かねもち,rich man,FALSE,,
円,まる,"circle,money",FALSE,,
丸い,まるい,"round,circular,spherical",FALSE,,
合わせる,あわせる,"to join together,to be opposite,to face,to unite",FALSE,,
影,かげ,"shade,shadow,other side",FALSE,,
平ら,たいら,"flatness,level,smooth,calm,plain",FALSE,,
知恵,ちえ,"wisdom,wit,sagacity,sense,intelligence,advice",FALSE,,
日光,にっこう,sunlight,FALSE,,
上,うわ,"upper,outer,surface",FALSE,,
,ヨット,yacht,FALSE,,
質,しつ,"quality,nature (of person)",FALSE,,
別に,べつに,"(not) particularly,nothing",FALSE,,
掴む,つかむ,"to seize,to catch,to grasp",FALSE,,
温暖,おんだん,warmth,FALSE,,
違いない,ちがいない,"(phrase) sure,no mistaking it,for certain",FALSE,,
取り上げる,とりあげる,"to take up,to pick up,to disqualify,to confiscate,to deprive",FALSE,,
無事,ぶじ,"safety,peace,quietness",FALSE,,
主婦,しゅふ,"housewife,mistress",FALSE,,
目的,もくてき,"purpose,goal,aim,objective,intention",FALSE,,
選択,せんたく,"selection,choice",FALSE,,
組,くみ,"class,group,team,set",FALSE,,
縦,たて,"length,height",FALSE,,
連続,れんぞく,"serial,consecutive,continuity,continuing",FALSE,,
通過,つうか,"passage through,passing",FALSE,,
立場,たちば,"standpoint,position,situation",FALSE,,
極,ごく,"quite,very",FALSE,,
再び,ふたたび,"again,once more,a second time",FALSE,,
主要,しゅよう,"chief,main,principal,major",FALSE,,
道徳,どうとく,morals,FALSE,,
面,めん,"face,mug,surface,facial features,mask,face guard,side or facet,corner,page",FALSE,,
党,とう,party (political),FALSE,,
回り,まわり,"circumference,surroundings,circulation",FALSE,,
風呂,ふろ,bath,FALSE,,
夜中,よなか,"midnight,dead of night",FALSE,,
出会い,であい,"meeting,rendezvous,encounter",FALSE,,
幸い,さいわい,"happiness,blessedness",FALSE,,
誕生,たんじょう,birth,FALSE,,
現す,あらわす,"to show,to indicate,to display",FALSE,,
嫌う,きらう,"to hate,to dislike,to loathe",FALSE,,
叱る,しかる,to scold,FALSE,,
詰める,つめる,"to pack,to shorten,to work out (details)",FALSE,,
城,しろ,castle,FALSE,,
改善,かいぜん,"betterment,improvement",FALSE,,
番,ばん,,FALSE,,
比較,ひかく,comparison,FALSE,,
登山,とざん,mountain-climbing,FALSE,,
,アイスクリーム,ice cream,FALSE,,
配達,はいたつ,"delivery,distribution",FALSE,,
事件,じけん,"event,affair,incident",FALSE,,
機能,きのう,"function,faculty",FALSE,,
常識,じょうしき,common sense,FALSE,,
金庫,きんこ,"safe,vault,treasury,provider of funds",FALSE,,
地域,ちいき,"area,region",FALSE,,
限界,げんかい,"limit,bound",FALSE,,
だから,だから,"so,therefore",FALSE,,
地下,ちか,"basement,underground",FALSE,,
豪華,ごうか,"wonderful,gorgeous,splendor,pomp,extravagance",FALSE,,
青年,せいねん,"youth,young man",FALSE,,
囲む,かこむ,"to surround,to encircle",FALSE,,
表,ひょう,"table (e.g. Tab 1),chart,list",FALSE,,
付ける,つける,"to attach,to join,to add,to append",FALSE,,
行き,ゆき,going,FALSE,,
率,りつ,"rate,ratio,proportion,percentage",FALSE,,
関心,かんしん,"concern,interest",FALSE,,
,あらゆる,"all,every",FALSE,,
万一,まんいち,"by some chance,by some possibility,if by any chance,10E4:1 odds",FALSE,,
訳,やく,"meaning,reason,circumstances,can be deduced,situation",FALSE,,
,ブレーキ,a brake,FALSE,,
住民,じゅうみん,"citizens,inhabitants,residents,population",FALSE,,
急激,きゅうげき,"sudden,precipitous,radical",FALSE,,
物音,ものおと,sounds,FALSE,,
便り,たより,"news,tidings,information,correspondence,letter",FALSE,,
両替,りょうがえ,"change,money exchange",FALSE,,
敵,てき,"enemy,rival",FALSE,,
求める,もとめる,"to seek,to request,to demand,to want,to wish for,to search for,to pursue (pleasure),to hunt (a job),",FALSE,,
練習,れんしゅう,practice,FALSE,,
交換,こうかん,"exchange,interchange,reciprocity",FALSE,,
害,がい,"injury,harm,evil influence,damage",FALSE,,
博物館,はくぶつかん,museum,FALSE,,
栄養,えいよう,"nutrition,nourishment",FALSE,,
抜く,ぬく,"to extract,to omit,to surpass,to draw out,to unplug",FALSE,,
相続,そうぞく,"succession,inheritance",FALSE,,
贈る,おくる,"to send,to give to,to award to,to confer on",FALSE,,
炎,ほのお,flame,FALSE,,
為る,する,"to change,to be of use,to reach to",FALSE,,
苦痛,くつう,"pain,agony",FALSE,,
単に,たんに,"simply,merely,only,solely",FALSE,,
試す,ためす,"to attempt,to test",FALSE,,
ね,（感）,"value,price,cost,worth,merit",FALSE,,
偶,たま,"even number,couple,man and wife,friend",FALSE,,
そこ,そこ,"bottom,sole",FALSE,,
詳しい,くわしい,"knowing very well,detailed,full,accurate",FALSE,,
挨拶,あいさつ,"greeting,salutation",FALSE,,
とん,（1000,ton,FALSE,,
達する,たっする,"to reach,to get to",FALSE,,
信じる,しんじる,"to believe,to place trust in",FALSE,,
,キロ,"(abbr) kilo-,kilogram,kilometre,10^3",FALSE,,
越える,こえる,"to exceed,to cross over,to cross",FALSE,,
灯,ひ,light,FALSE,,
,マイク,mike,FALSE,,
,こんなに,"so,like this,in this way",FALSE,,
,すなわち,"that is,namely,i.e.",FALSE,,
酒,さけ,"alcohol,sake",FALSE,,
椅子,いす,chair,FALSE,,
差別,さべつ,"discrimination,distinction,differentiation",FALSE,,
自慢,じまん,"pride,boast",FALSE,,
お目に掛かる,おめにかかる,,FALSE,,
ジェット機,ジェットき,jet aeroplane,FALSE,,
乗客,じょうきゃく,passenger,FALSE,,
切れる,きれる,"(1) to cut well,to be sharp,(2) to break (off)",FALSE,,
加わる,くわわる,"to join in,to accede to,to increase,to gain in (influence)",FALSE,,
望む,のぞむ,"to desire,to wish for,to see,to command (a view of)",FALSE,,
笛,ふえ,"flute,pipe",FALSE,,
発車,はっしゃ,departure of a vehicle,FALSE,,
批判,ひはん,"criticism,judgement,comment",FALSE,,
伺う,うかがう,"(hon) to visit,to ask,to inquire",FALSE,,
松,まつ,"(1) pine tree,(2) highest (of a three-tier ranking system)",FALSE,,
魅力,みりょく,"charm,fascination,glamour",FALSE,,
出来事,できごと,"incident,affair,happening,event",FALSE,,
恐ろしい,おそろしい,"terrible,dreadful",FALSE,,
,アウト,out,FALSE,,
幼い,おさない,"very young,childish",FALSE,,
整理,せいり,"sorting,arrangement,adjustment,regulation",FALSE,,
,ゲーム,game,FALSE,,
組む,くむ,to put together,FALSE,,
日本,にほん,Japan,FALSE,,
事態,じたい,"situation,present state of affairs",FALSE,,
主に,おもに,"mainly,primarily",FALSE,,
谷,たに,valley,FALSE,,
確認,かくにん,"affirmation,confirmation",FALSE,,
今に,いまに,"before long,even now",FALSE,,
地区,ちく,"district,section,sector",FALSE,,
涙,なみだ,tear,FALSE,,
案内,あんない,"information,guidance,leading",FALSE,,
一時,いちじ,"moment,time",FALSE,,
天候,てんこう,weather,FALSE,,
途端,とたん,"just (now, at the moment, etc.)",FALSE,,
小包,こづつみ,"parcel,package",FALSE,,
減らす,へらす,"to abate,to decrease,to diminish,to shorten",FALSE,,
名人,めいじん,"master,expert",FALSE,,
生じる,しょうじる,"to produce,to yield,to result from,to arise,to be generated",FALSE,,
正直,しょうじき,"honesty,integrity,frankness",FALSE,,
訪問,ほうもん,"call,visit",FALSE,,
収める,おさめる,"to obtain,to reap,to pay,to supply,to accept",FALSE,,
食品,しょくひん,"commodity,foodstuff",FALSE,,
支給,しきゅう,"payment,allowance",FALSE,,
行儀,ぎょうぎ,manners,FALSE,,
,スタンド,stand,FALSE,,
,ドライブ,"drive,trip by car,driving",FALSE,,
明らか,あきらか,"obvious,evident,clear",FALSE,,
末,すえ,"the end of,powder",FALSE,,
休暇,きゅうか,"holiday,day off,furlough",FALSE,,
回す,まわす,"to turn,to revolve",FALSE,,
本物,ほんもの,genuine article,FALSE,,
損害,そんがい,"damage,injury,loss",FALSE,,
貢献,こうけん,"contribution,services",FALSE,,
身体,しんたい,the body,FALSE,,
,じゃあ,"well,well then",FALSE,,
起こる,おこる,"to occur,to happen",FALSE,,
女優,じょゆう,actress,FALSE,,
先ず,まず,"first (of all),to start with,about,almost,hardly (with neg. verb)",FALSE,,
保証,ほしょう,"guarantee,security,assurance,pledge,warranty",FALSE,,
宝石,ほうせき,"gem,jewel",FALSE,,
,ケース,case,FALSE,,
近頃,ちかごろ,"lately,recently,nowadays",FALSE,,
就く,つく,"to settle in (place),to take (seat, position),to study (under teacher)",FALSE,,
住宅,じゅうたく,"resident,housing",FALSE,,
動詞,どうし,verb,FALSE,,
後,うしろ,"afterwards,since then,in the future",FALSE,,
意識,いしき,"consciousness,senses",FALSE,,
爆発,ばくはつ,"explosion,detonation,eruption",FALSE,,
組織,そしき,"(1) organization,(2) structure,construction,(3) tissue,(4) system",FALSE,,
生き物,いきもの,"living thing,animal",FALSE,,
,パス,"path,pass (in games)",FALSE,,
,タオル,(hand) towel,FALSE,,
宜しい,よろしい,"(hon) good,OK,all right,fine,very well,will do,may,can",FALSE,,
,パーセント,percent,FALSE,,
奪う,うばう,to snatch away,FALSE,,
貸し,かし,"loan,lending",FALSE,,
豊か,ゆたか,"abundant,wealthy,plentiful,rich",FALSE,,
祝う,いわう,"to congratulate,to celebrate",FALSE,,
氏,し,"family name,lineage,birth",FALSE,,
思想,しそう,"thought,idea",FALSE,,
記者,きしゃ,reporter,FALSE,,
二十,はたち,"20 years old,20th year",FALSE,,
霧,きり,"fog,mist",FALSE,,
働き,はたらき,"work,labor",FALSE,,
予防,よぼう,"prevention,precaution,protection against",FALSE,,
食物,しょくもつ,"food,foodstuff",FALSE,,
平等,びょうどう,"equality (a),impartiality,evenness",FALSE,,
,ミス,"miss (mistake, error, failure),Miss",FALSE,,
,なにも,nothing,FALSE,,
専攻,せんこう,"major subject,special study",FALSE,,
人気,にんき,sign of life,FALSE,,
,それとも,"or,or else",FALSE,,
限る,かぎる,"to restrict,to limit,to confine",FALSE,,
単なる,たんなる,"mere,simple,sheer",FALSE,,
,スケート,"skate(s),skating",FALSE,,
缶,かん,"can,tin",FALSE,,
周囲,しゅうい,"surroundings,circumference,environs",FALSE,,
舞台,ぶたい,stage (theatre),FALSE,,
月,つき,"moon,month",FALSE,,
友情,ゆうじょう,"friendship,fellowship",FALSE,,
物語,ものがたり,"tale,story,legend",FALSE,,
できる,（可能。出現。発生）,"to be able to,to be ready,to occur",FALSE,,
石油,せきゆ,"oil,petroleum,kerosene",FALSE,,
寧ろ,むしろ,"rather,better,instead",FALSE,,
関する,かんする,"to concern,to be related",FALSE,,
図,ず,"figure (e.g. Fig 1),drawing,picture,illustration",FALSE,,
手術,しゅじゅつ,surgical operation,FALSE,,
一瞬,いっしゅん,"a moment,an instant",FALSE,,
左右,さゆう,"(1) left and right,(2) influence,control,domination",FALSE,,
灰,はい,ash,FALSE,,
,あちこち,here and there,FALSE,,
畑,はたけ,field,FALSE,,
,ダイヤ,"(1) dyer,(2) diagram,(3) (railway) schedule,(4) diamond",FALSE,,
株,かぶ,"share,stock,stump (of tree)",FALSE,,
示す,しめす,"to denote,to show,to point out,to indicate",FALSE,,
孫,まご,grandchild,FALSE,,
基づく,もとづく,"to be grounded on,to be based on,to be due to,to originate from",FALSE,,
広告,こうこく,advertisement,FALSE,,
幕,まく,"curtain,bunting,act (in play)",FALSE,,
現在,げんざい,"present,up to now,nowadays,modern times,current",FALSE,,
実行,じっこう,"practice,performance,execution (e.g. program),realization",FALSE,,
寄付,きふ,"contribution,donation",FALSE,,
武器,ぶき,"weapon,arms,ordinance",FALSE,,
不自由,ふじゆう,"discomfort,disability,inconvenience,destitution",FALSE,,
見解,けんかい,"opinion,point of view",FALSE,,
真面目,まじめ,"diligent,serious,honest",FALSE,,
隠す,かくす,"to hide,to conceal",FALSE,,
支配,しはい,"rule,control,direction",FALSE,,
表面,ひょうめん,"surface,outside,face,appearance",FALSE,,
父親,ちちおや,father,FALSE,,
相手,あいて,"companion,partner,company",FALSE,,
真っ直ぐ,まっすぐ,"straight (ahead),direct,upright",FALSE,,
,かなり,"considerably,fairly,quite",FALSE,,
観客,かんきゃく,"audience,spectator(s)",FALSE,,
取れる,とれる,"to come off,to be taken off,to be removed",FALSE,,
抱える,かかえる,to hold or carry under or in the arms,FALSE,,
,ばったり,"with a clash (thud),with a bang,plump,flop",FALSE,,
医師,いし,"doctor,physician",FALSE,,
方々,ほうぼう,"persons,this and that,here and there,everywhere",FALSE,,
順,じゅん,"order,turn",FALSE,,
勢い,いきおい,"force,vigor,energy,spirit",FALSE,,
事,こと,"thing,matter,fact,circumstances",FALSE,,
数,すう,"number,figure",FALSE,,
機械,きかい,"machine,mechanism",FALSE,,
毛布,もうふ,blanket,FALSE,,
瓶,びん,bottle,FALSE,,
敬意,けいい,"respect,honour",FALSE,,
支える,ささえる,"to be blocked,to choke,to be obstructed",FALSE,,
命令,めいれい,"order,command,decree,directive,(software) instruction",FALSE,,
誤り,あやまり,error,FALSE,,
満足,まんぞく,satisfaction,FALSE,,
必死,ひっし,"inevitable death,desperation,frantic,inevitable result",FALSE,,
博士,はかせ,"doctorate,PhD",FALSE,,
大抵,たいてい,"usually,generally",FALSE,,
胃,い,stomach,FALSE,,
運転,うんてん,"operation,motion,driving",FALSE,,
板,いた,"board,plank",FALSE,,
入院,にゅういん,hospitalization,FALSE,,
需要,じゅよう,"demand,request",FALSE,,
進学,しんがく,going on to university,FALSE,,
他,ほか,other (esp. places and things),FALSE,,
独身,どくしん,"bachelorhood,single,unmarried,celibate",FALSE,,
,クリスマス,Christmas,FALSE,,
構成,こうせい,"organization,composition",FALSE,,
祝い,いわい,"celebration,festival",FALSE,,
吠える,ほえる,"to bark,to bay,to howl,to bellow,to roar,to cry",FALSE,,
外,ほか,"other place,the rest",FALSE,,
支払う,しはらう,to pay,FALSE,,
実際,じっさい,"practical,actual condition,status quo",FALSE,,
旅,たび,"travel,trip,journey",FALSE,,
利益,りえき,"profits,gains,(political, economic) interest",FALSE,,
移す,うつす,"to remove,to transfer,to infect",FALSE,,
審判,しんぱん,"refereeing,trial,judgement,umpire,referee",FALSE,,
七,しち,seven,FALSE,,
劣る,おとる,"to fall behind,to be inferior to",FALSE,,
止す,よす,"to cease,to abolish,to resign,to give up",FALSE,,
行き,いき,going,FALSE,,
金,かね,"(1) gold,(2) gold general (shogi) (abbr)",FALSE,,
香り,かおり,"aroma,fragrance,scent,smell",FALSE,,
切れ,きれ,"cloth,piece,cut,chop",FALSE,,
鬼,おに,"ogre,demon,it (i.e., in a game of tag)",FALSE,,
全て,すべて,"all,the whole,entirely,in general,wholly",FALSE,,
強調,きょうちょう,"emphasis,stress,stressed point",FALSE,,
年間,ねんかん,year,FALSE,,
制度,せいど,"system,institution,organization",FALSE,,
別れ,わかれ,"parting,separation,farewell",FALSE,,
換える,かえる,"to exchange,to interchange,to substitute,to replace",FALSE,,
記念,きねん,"commemoration,memory",FALSE,,
与える,あたえる,"to give,to present,to award",FALSE,,
十,じゅう,"10,ten",FALSE,,
奇妙,きみょう,"strange,queer,curious",FALSE,,
参考,さんこう,"reference,consultation",FALSE,,
,おじいさん,"grandfather,male senior-citizen",FALSE,,
態度,たいど,"attitude,manner",FALSE,,
少々,しょうしょう,"just a minute,small quantity",FALSE,,
知識,ちしき,"knowledge,information",FALSE,,
縄,なわ,"rope,hemp",FALSE,,
転ぶ,ころぶ,"to fall down,to fall over",FALSE,,
莫大,ばくだい,"enormous,vast",FALSE,,
品,しな,"thing,article,goods,dignity,article (goods),counter for meal courses",FALSE,,
,のんびり,"carefree,at leisure",FALSE,,
,まさか,by no means,FALSE,,
根,ね,root,FALSE,,
格好,かっこう,"shape,form,posture,suitability",FALSE,,
効果,こうか,"effect,effectiveness,efficacy,result",FALSE,,
楽,らく,"comfort,ease",FALSE,,
留学,りゅうがく,studying abroad,FALSE,,
政府,せいふ,"government,administration",FALSE,,
企業,きぎょう,"enterprise,undertaking",FALSE,,
,コンピューター,computer,FALSE,,
装置,そうち,"equipment,installation,apparatus",FALSE,,
,クリーム,cream,FALSE,,
,クラシック,classic(s),FALSE,,
提出,ていしゅつ,"presentation,submission,filing",FALSE,,
王様,おうさま,king,FALSE,,
土産,みやげ,"present,souvenir",FALSE,,
馬鹿,ばか,"fool,idiot,trivial matter,folly",FALSE,,
優秀,ゆうしゅう,"superiority,excellence",FALSE,,
税,ぜい,,FALSE,,
得る,える,"to get,to gain,to win",FALSE,,
はい,（感）,"wear,put on (sword)",FALSE,,
実現,じつげん,"implementation,materialization,realization",FALSE,,
負け,まけ,"defeat,loss,losing (a game)",FALSE,,
迎え,むかえ,"meeting,person sent to pick up an arrival",FALSE,,
,ぴったり,"exactly,neatly,sharp",FALSE,,
通学,つうがく,commuting to school,FALSE,,
七,なな,seven,FALSE,,
,まるで,"quite,entirely,completely",FALSE,,
舌,した,tongue,FALSE,,
,だけど,however,FALSE,,
汗,あせ,"sweat,perspiration",FALSE,,
設備,せつび,"equipment,device,facilities,installation",FALSE,,
努力,どりょく,"great effort,exertion,endeavour,effort",FALSE,,
指導,しどう,"leadership,guidance,coaching",FALSE,,
列車,れっしゃ,train (ordinary),FALSE,,
家賃,やちん,rent,FALSE,,
疑問,ぎもん,"question,problem,doubt,guess",FALSE,,
,そして,and,FALSE,,
料金,りょうきん,"fee,charge,fare",FALSE,,
婦人,ふじん,"woman,female",FALSE,,
迷惑,めいわく,"trouble,bother,annoyance",FALSE,,
見当,けんとう,"be found,aim,estimate,guess,approx",FALSE,,
議会,ぎかい,"Diet,congress,parliament",FALSE,,
中学,ちゅうがく,"middle school,junior high school",FALSE,,
諺,ことわざ,"proverb,maxim",FALSE,,
輸出,ゆしゅつ,export,FALSE,,
閉じる,とじる,"to close (e.g. book, eyes),to shut",FALSE,,
進歩,しんぽ,"progress,development",FALSE,,
塀,へい,"wall,fence",FALSE,,
値,ね,"value,price,cost",FALSE,,
正確,せいかく,"accurate,punctuality,exactness,authenticity,veracity",FALSE,,
誰か,だれか,"someone,somebody",FALSE,,
粗末,そまつ,"crude,rough,plain,humble",FALSE,,
建設,けんせつ,"construction,establishment",FALSE,,
傷,きず,"wound,injury,hurt,cut",FALSE,,
支店,してん,branch store (office),FALSE,,
,ますます,"increasingly,more and more",FALSE,,
通行,つうこう,"passage,passing",FALSE,,
,トランプ,playing cards (lit: trump),FALSE,,
共同,きょうどう,"cooperation,association,collaboration,joint",FALSE,,
解ける,とける,"to come untied,to come apart",FALSE,,
賢い,かしこい,"wise,clever,smart",FALSE,,
去る,さる,"to leave,to go away",FALSE,,
触れる,ふれる,"to touch,to be touched,to touch on a subject,to feel,to violate (law, copyright, etc.),to perceive,t",FALSE,,
完全,かんぜん,"perfection,completeness",FALSE,,
直に,じかに,"immediately,readily,directly",FALSE,,
熱帯,ねったい,tropics,FALSE,,
年月,としつき,months and years,FALSE,,
役割,やくわり,"part,assigning (allotment of) parts,role,duties",FALSE,,
どう,（接。副）,"child,servant,foolishness",FALSE,,
,ちゃんと,"perfectly,properly,exactly",FALSE,,
幸運,こううん,"good luck,fortune",FALSE,,
男子,だんし,"youth,young man",FALSE,,
合格,ごうかく,"success,passing (e.g. exam),eligibility",FALSE,,
招待,しょうたい,invitation,FALSE,,
経営,けいえい,"management,administration",FALSE,,
使用,しよう,"use,application,employment,utilization",FALSE,,
期間,きかん,"period,term",FALSE,,
弁当,べんとう,box lunch,FALSE,,
依頼,いらい,"(1) request,commission,dispatch,(2) dependence,trust",FALSE,,
監督,かんとく,"supervision,control,superintendence",FALSE,,
教授,きょうじゅ,"teaching,instruction,professor",FALSE,,
至る,いたる,"to come,to arrive",FALSE,,
飛行,ひこう,aviation,FALSE,,
真剣,しんけん,"seriousness,earnestness",FALSE,,
球,たま,"globe,sphere,ball",FALSE,,
組合,くみあい,"association,union",FALSE,,
豊富,ほうふ,"abundance,wealth,plenty,bounty",FALSE,,
担当,たんとう,(in) charge,FALSE,,
済ませる,すませる,to be finished,FALSE,,
人込み,ひとごみ,crowd of people,FALSE,,
禁煙,きんえん,No Smoking!,FALSE,,
理想,りそう,ideal,FALSE,,
,さて,"well,now,then",FALSE,,
不安,ふあん,"anxiety,uneasiness,insecurity,suspense",FALSE,,
有能,ゆうのう,"able,capable,efficient,skill",FALSE,,
密,みつ,,FALSE,,
,より,"twist,ply",FALSE,,
釣,つり,,FALSE,,
本当,ほんとう,"truth,reality",FALSE,,
価値,かち,"value,worth,merit",FALSE,,
独特,どくとく,"peculiarity,uniqueness,characteristic",FALSE,,
団体,だんたい,"organization,association",FALSE,,
,きつい,"tight,close,intense",FALSE,,
欠席,けっせき,"absence,non-attendance",FALSE,,
下,しも,"under,below,beneath",FALSE,,
罰する,ばっする,"to punish,to penalize",FALSE,,
好む,このむ,"to like,to prefer",FALSE,,
,オフィス,office,FALSE,,
,チーム,team,FALSE,,
,じっと,"fixedly,firmly,patiently,quietly",FALSE,,
提案,ていあん,"proposal,proposition,suggestion",FALSE,,
離れる,はなれる,"to be separated from,to leave,to go away,to be a long way off",FALSE,,
上等,じょうとう,"superiority,first class,very good",FALSE,,
局,きょく,"court lady,lady in waiting",FALSE,,
手間,てま,"time,labour",FALSE,,
得る,うる,"to get,to gain,to win",FALSE,,
下り,くだり,down-train (going away from Tokyo),FALSE,,
一生,いっしょう,"whole life,a lifetime,all through life",FALSE,,
妙,みょう,"strange,unusual",FALSE,,
電子,でんし,electron,FALSE,,
一層,いっそう,"much more,still more,all the more",FALSE,,
混乱,こんらん,"disorder,chaos,confusion,mayhem",FALSE,,
雇う,やとう,"to employ,to hire",FALSE,,
,しゃべる,"to talk,to chat,to chatter",FALSE,,
価格,かかく,"price,value,cost",FALSE,,
化粧,けしょう,make-up (cosmetic),FALSE,,
衛星,えいせい,satellite,FALSE,,
,スープ,(Western) soup,FALSE,,
岸,きし,"bank,coast,shore",FALSE,,
駄目,だめ,"useless,no good,hopeless",FALSE,,
婚約,こんやく,"engagement,betrothal",FALSE,,
予期,よき,"expectation,assume will happen,forecast",FALSE,,
訓,くん,native Japanese reading of a Chinese character,FALSE,,
お腹,おなか,stomach,FALSE,,
髪の毛,かみのけ,hair (head),FALSE,,
四,よん,four,FALSE,,
否定,ひてい,"negation,denial,repudiation",FALSE,,
適用,てきよう,applying,FALSE,,
観察,かんさつ,"observation,survey",FALSE,,
餌,えさ,"feed,bait",FALSE,,
向く,むく,to face,FALSE,,
日常,にちじょう,"ordinary,regular,everyday,usual",FALSE,,
管理,かんり,"control,management (e.g. of a business)",FALSE,,
では,では,"chance of going out,opportunity (to succeed),moment of departure,beginning of work",FALSE,,
種類,しゅるい,"variety,kind,type",FALSE,,
腹,はら,"abdomen,belly,stomach",FALSE,,
嵐,あらし,"storm,tempest",FALSE,,
出会う,であう,"to meet by chance,to come across,to happen to encounter",FALSE,,
好み,このみ,"liking,taste,choice",FALSE,,
軒,けん,eaves,FALSE,,
王子,おうじ,prince,FALSE,,
,ところが,"however,while,even if",FALSE,,
省く,はぶく,"to omit,to eliminate,to curtail,to economize",FALSE,,
基,もと,basis,FALSE,,
故障,こしょう,"break-down,failure,accident,out of order",FALSE,,
余分,よぶん,"extra,excess,surplus",FALSE,,
請求,せいきゅう,"claim,demand,application,request",FALSE,,
,かわいらしい,"lovely,sweet",FALSE,,
精神,せいしん,"mind,soul,heart,spirit,intention",FALSE,,
老い,おい,"old age,old person,the old,the aged",FALSE,,
悪口,わるくち,"abuse,insult,slander,evil speaking",FALSE,,
全員,ぜんいん,"all members (unanimity),all hands,the whole crew",FALSE,,
現象,げんしょう,phenomenon,FALSE,,
,あと,"(1) trace,tracks,(2) remains,ruins,(3) scar",FALSE,,
主義,しゅぎ,"doctrine,rule,principle",FALSE,,
多少,たしょう,"more or less,somewhat,a little,some",FALSE,,
適する,てきする,"to fit,to suit",FALSE,,
強盗,ごうとう,"robbery,burglary",FALSE,,
昨,さく,"last (year),yesterday",FALSE,,
農家,のうか,"farmer,farm family",FALSE,,
今回,こんかい,"now,this time,lately",FALSE,,
上,じょう,"(1) first volume,(2) superior quality,(3) governmental",FALSE,,
無し,なし,without,FALSE,,
親しい,したしい,"intimate,close (e.g. friend)",FALSE,,
本当,ほんと,"truth,reality",FALSE,,
共通,きょうつう,"commonness,community",FALSE,,
出身,しゅっしん,"graduate from,come from",FALSE,,
準備,じゅんび,"preparation,arrangements,provision,reserve",FALSE,,
議員,ぎいん,"member of the Diet, congress or parliament",FALSE,,
はあ,（感）,,FALSE,,
確かめる,たしかめる,to ascertain,FALSE,,
女子,じょし,"woman,girl",FALSE,,
筋肉,きんにく,"muscle,sinew",FALSE,,
滞在,たいざい,"stay,sojourn",FALSE,,
一言,ひとこと,single word,FALSE,,
描く,かく,"to draw,to paint,to sketch,to depict,to describe",FALSE,,
女王,じょおう,queen,FALSE,,
決まり,きまり,"settlement,conclusion,regulation,rule",FALSE,,
体温,たいおん,temperature (body),FALSE,,
記憶,きおく,"memory,recollection,remembrance",FALSE,,
計画,けいかく,"plan,project,schedule,scheme,program",FALSE,,
,で,"outflow,coming (going) out,graduate (of)",FALSE,,
夫婦,ふうふ,"married couple,husband and wife",FALSE,,
今にも,いまにも,"at any time,soon",FALSE,,
分,ぶん,"dividing,part,segment",FALSE,,
金,きん,"(1) gold,(2) gold general (shogi) (abbr)",FALSE,,
,けち,"stinginess,miser,miserliness",FALSE,,
うまい,うまい,delicious,FALSE,,
対する,たいする,"to face,to confront,to oppose",FALSE,,
被る,かぶる,to suffer,FALSE,,
,まさに,"correctly,surely",FALSE,,
十,とお,"10,ten",FALSE,,
それ,（接。感）,"it,that",FALSE,,
都会,とかい,city,FALSE,,
美人,びじん,beautiful person (woman),FALSE,,
信仰,しんこう,"(religious) faith,belief,creed",FALSE,,
説,せつ,theory,FALSE,,
昼食,ちゅうしょく,"lunch,midday meal",FALSE,,
出版,しゅっぱん,publication,FALSE,,
海外,かいがい,"foreign,abroad,overseas",FALSE,,
永遠,えいえん,"eternity,perpetuity,immortality,permanence",FALSE,,
計,けい,plan,FALSE,,
前者,ぜんしゃ,the former,FALSE,,
,ボート,rowing boat,FALSE,,
,ゴール,goal,FALSE,,
一致,いっち,"(1) coincidence,agreement,(2) conformity",FALSE,,
誤解,ごかい,misunderstanding,FALSE,,
能力,のうりょく,"ability,faculty",FALSE,,
快適,かいてき,"pleasant,agreeable,comfortable",FALSE,,
不利,ふり,"disadvantage,handicap,unfavorable,drawback",FALSE,,
望み,のぞみ,"wish,desire,(a) hope",FALSE,,
章,しょう,"(1) chapter,section,(2) medal",FALSE,,
居間,いま,living room (western style),FALSE,,
,ミルク,milk,FALSE,,
拍手,はくしゅ,"clapping hands,applause",FALSE,,
徹夜,てつや,"all night,all night vigil,sleepless night",FALSE,,
為る,なる,"to change,to be of use,to reach to",FALSE,,
吐く,はく,"(1) to breathe,(2) to tell (lies),(3) to vomit,to disgorge",FALSE,,
委員,いいん,committee member,FALSE,,
積極的,せっきょくてき,"positive,active,proactive",FALSE,,
,ベルト,Belt for western clothes,FALSE,,
,いち,"market,fair",FALSE,,
方,ほう,side,FALSE,,
,いらいら,"getting nervous,irritation",FALSE,,
友人,ゆうじん,friend,FALSE,,
務め,つとめ,"(1) service,duty,(2) Buddhist religious services",FALSE,,
,それぞれ,"each,every,either,respectively,severally",FALSE,,
金融,きんゆう,"monetary circulation,credit situation",FALSE,,
梅雨,ばいう,"rainy season,rain during the rainy season",FALSE,,
絶対,ぜったい,"absolute,unconditional,absoluteness",FALSE,,
模様,もよう,"pattern,figure,design",FALSE,,
綿,わた,"cotton,padding",FALSE,,
旧,きゅう,ex-,FALSE,,
雷,かみなり,thunder,FALSE,,
溺れる,おぼれる,"to be drowned,to indulge in",FALSE,,
時期,じき,"time,season,period",FALSE,,
支出,ししゅつ,"expenditure,expenses",FALSE,,
立ち上がる,たちあがる,to stand up,FALSE,,
全国,ぜんこく,"country-wide,nation-wide,whole country,national",FALSE,,
収穫,しゅうかく,"harvest,crop,ingathering",FALSE,,
実施,じっし,"enforcement,enact,put into practice,carry out,operation",FALSE,,
集まり,あつまり,"gathering,meeting,assembly,collection",FALSE,,
助ける,たすける,"to help,to save,to rescue",FALSE,,
語学,ごがく,language study,FALSE,,
,うなる,"to groan,to moan",FALSE,,
双子,ふたご,"twins,a twin",FALSE,,
,ワイン,wine,FALSE,,
,もしも,if,FALSE,,
,ボーイ,boy,FALSE,,
放す,はなす,"to separate,to set free",FALSE,,
感謝,かんしゃ,"thanks,gratitude",FALSE,,
等しい,ひとしい,equal,FALSE,,
飼う,かう,"to keep,to raise,to feed",FALSE,,
,キャンプ,camp,FALSE,,
幾ら,いくら,"how much?,how many?",FALSE,,
豆,まめ,"beans,peas",FALSE,,
虎,とら,tiger,FALSE,,
喉,のど,throat,FALSE,,
申し込む,もうしこむ,"to apply for,to make an application",FALSE,,
停留所,ていりゅうじょ,bus or tram stop,FALSE,,
骨折,こっせつ,bone fracture,FALSE,,
裁判,さいばん,"trial,judgement",FALSE,,
,かわいそう,"poor,pitiable,pathetic",FALSE,,
,どんな,"what,what kind of",FALSE,,
宿,やど,"inn,lodging",FALSE,,
不思議,ふしぎ,"mystery,curiosity",FALSE,,
叩く,たたく,"to strike,to clap,to dust,to beat",FALSE,,
,プラス,plus,FALSE,,
,トラック,"(1) truck,(2) (running) track",FALSE,,
波,なみ,wave,FALSE,,
事情,じじょう,"circumstances,consideration,conditions,situation,reasons",FALSE,,
空く,すく,"(1) to open,to become empty,(2) to be less crowded",FALSE,,
要するに,ようするに,"in a word,after all,the point is ..,in short ..",FALSE,,
文明,ぶんめい,"civilization,culture",FALSE,,
申し訳,もうしわけ,"apology,excuse",FALSE,,
稼ぐ,かせぐ,"to earn income,to labor",FALSE,,
,いずれ,"where,which,who",FALSE,,
埃,ほこり,dust,FALSE,,
中止,ちゅうし,"suspension,stoppage,discontinuance,interruption",FALSE,,
定期,ていき,fixed term,FALSE,,
思わず,おもわず,"unintentional,spontaneous",FALSE,,
息,いき,"breath,tone",FALSE,,
随分,ずいぶん,extremely,FALSE,,
余り,あまり,"not very (used as adverb),not much",FALSE,,
側,そば,"side,edge,third person",FALSE,,
成功,せいこう,"success,hit",FALSE,,
能,のう,"being skilled in,nicely,properly",FALSE,,
協力,きょうりょく,"cooperation,collaboration",FALSE,,
機嫌,きげん,"humour,temper,mood",FALSE,,
流れ,ながれ,"stream,current",FALSE,,
維持,いじ,"maintenance,preservation",FALSE,,
,ロケット,"locket,rocket",FALSE,,
同時,どうじ,"simultaneous(ly),concurrent,same time,synchronous",FALSE,,
抵抗,ていこう,"electrical resistance,resistance,opposition",FALSE,,
羽,はね,"counter for birds,counter for rabbits",FALSE,,
刑事,けいじ,"criminal case,(police) detective",FALSE,,
順番,じゅんばん,"turn (in line),order of things",FALSE,,
,あっ,"Ah!,Oh!",FALSE,,
無,ぶ,"nothing,naught,nil,zero",FALSE,,
受け取る,うけとる,"to receive,to get,to accept,to take",FALSE,,
元,もと,"(1) origin,original,(2) former",FALSE,,
,スタイル,style,FALSE,,
喜び,よろこび,"(a) joy,(a) delight,rapture,pleasure,gratification,rejoicing,congratulations,felicitations",FALSE,,
,トップ,top,FALSE,,
土曜,どよう,Saturday,FALSE,,
物事,ものごと,"things,everything",FALSE,,
前進,ぜんしん,"advance,drive,progress",FALSE,,
匂い,におい,"odour,scent,smell,stench",FALSE,,
得意,とくい,"pride,triumph,prosperity",FALSE,,
同様,どうよう,"identical,equal to,same (kind),like",FALSE,,
次々,つぎつぎ,"in succession,one by one",FALSE,,
頃,ころ,"time,about,toward,approximately (time)",FALSE,,
,かもしれない,"may,might,perhaps,may be,possibly",FALSE,,
,がっかり,"feel disappointed,be dejected,lose heart",FALSE,,
収入,しゅうにゅう,"income,receipts,revenue",FALSE,,
営業,えいぎょう,"business,trade,management",FALSE,,
心理,しんり,mentality,FALSE,,
工場,こうば,"factory,plant,mill,workshop",FALSE,,
,どこか,"somewhere,anywhere",FALSE,,
背,せい,"height,stature",FALSE,,
売れる,うれる,to be sold,FALSE,,
握手,あくしゅ,handshake,FALSE,,
障害,しょうがい,"obstacle,impediment (fault),damage",FALSE,,
,ハイキング,hiking,FALSE,,
独り,ひとり,"alone,unmarried",FALSE,,
離す,はなす,"to part,divide,separate",FALSE,,
尤も,もっとも,"quite right,plausible,natural,but then,although",FALSE,,
植物,しょくぶつ,"plant,vegetation",FALSE,,
真っ赤,まっか,"deep red,flushed (of face)",FALSE,,
判断,はんだん,"judgement,decision",FALSE,,
芝生,しばふ,lawn,FALSE,,
泉,いずみ,"spring,fountain",FALSE,,
不正,ふせい,"injustice,unfairness",FALSE,,
,ただ,"free of charge,mere,only",FALSE,,
,グループ,group,FALSE,,
注ぐ,そそぐ,"to pour (into),to irrigate,to pay,to fill,to feed (e.g. a fire)",FALSE,,
罹る,かかる,to suffer from,FALSE,,
謎,なぞ,"riddle,puzzle,enigma",FALSE,,
追う,おう,"to chase,to run after",FALSE,,
勇気,ゆうき,"courage,bravery,valour,nerve,boldness",FALSE,,
予報,よほう,"forecast,prediction",FALSE,,
,いい,good,FALSE,,
伸びる,のびる,"to stretch,to extend,to make progress,to grow (beard, body height)",FALSE,,
撃つ,うつ,"to attack,to defeat,to destroy",FALSE,,
願い,ねがい,"desire,wish,request",FALSE,,
永久,えいきゅう,"eternity,perpetuity,immortality",FALSE,,
皿,さら,"plate,dish",FALSE,,
同僚,どうりょう,"coworker,colleague,associate",FALSE,,
現場,げんば,"actual spot,scene,scene of the crime",FALSE,,
心臓,しんぞう,heart,FALSE,,
少年,しょうねん,"boys,juveniles",FALSE,,
居眠り,いねむり,"dozing,nodding off",FALSE,,
数字,すうじ,"numeral,figure",FALSE,,
修理,しゅうり,"repairing,mending",FALSE,,
扱う,あつかう,"to handle,to deal with,to treat",FALSE,,
騒ぎ,さわぎ,"uproar,disturbance",FALSE,,
愛,あい,love,FALSE,,
誇り,ほこり,pride,FALSE,,
県,けん,prefecture,FALSE,,
問い,とい,"question,query",FALSE,,
信用,しんよう,"confidence,dependence,credit,faith",FALSE,,
冷静,れいせい,"calm,composure,coolness,serenity",FALSE,,
礼,れい,expression of gratitude,FALSE,,
河,かわ,"river,stream",FALSE,,
諦める,あきらめる,"to give up,to abandon",FALSE,,
具体,ぐたい,"concrete,tangible,material",FALSE,,
何で,なんで,"Why?,What for?",FALSE,,
芝居,しばい,"play,drama",FALSE,,
到着,とうちゃく,arrival,FALSE,,
区別,くべつ,"distinction,differentiation,classification",FALSE,,
繰り返す,くりかえす,"to repeat,to do something over again",FALSE,,
大,だい,,FALSE,,
雰囲気,ふんいき,"atmosphere (e.g. musical),mood,ambience",FALSE,,
検討,けんとう,"consideration,examination,investigation,study,scrutiny",FALSE,,
少しも,すこしも,"anything of,not one bit",FALSE,,
自身,じしん,"by oneself,personally",FALSE,,
秘密,ひみつ,"secret,secrecy",FALSE,,
当時,とうじ,"at that time,in those days",FALSE,,
,オーバー,"(1) overcoat,(2) over",FALSE,,
,はさみ,scissors,FALSE,,
微笑む,ほほえむ,to smile,FALSE,,
育つ,そだつ,"to raise (child),to be brought up,to grow (up)",FALSE,,
大戦,たいせん,"great war,great battle",FALSE,,
効く,きく,to be effective,FALSE,,
,スイッチ,switch,FALSE,,
通り過ぎる,とおりすぎる,"to pass,to pass through",FALSE,,
横切る,よこぎる,"to cross (e.g. arms),to traverse",FALSE,,
柄,がら,"hilt (of a sword),haft (of a dagger),handgrip",FALSE,,
他,た,other (esp. places and things),FALSE,,
流す,ながす,"to drain,to float,to shed (blood, tears),to cruise (e.g. taxi)",FALSE,,
,おそらく,perhaps,FALSE,,
,あいにく,"unfortunately,Sorry, but....",FALSE,,
帰宅,きたく,returning home,FALSE,,
いつも,いつも,"always,usually,every time,never (with neg. verb)",FALSE,,
推薦,すいせん,recommendation,FALSE,,
責任,せきにん,"duty,responsibility",FALSE,,
天然,てんねん,"nature,spontaneity",FALSE,,
解釈,かいしゃく,"explanation,interpretation",FALSE,,
法,ほう,Act (law: the X Act),FALSE,,
尊敬,そんけい,"respect,esteem,reverence,honour",FALSE,,
学ぶ,まなぶ,"to study (in depth),to learn,to take lessons in",FALSE,,
尊重,そんちょう,"respect,esteem,regard",FALSE,,
程,ほど,"degree,extent,bounds,limit",FALSE,,
欠陥,けっかん,"defect,fault,deficiency",FALSE,,
当てる,あてる,"to hit,to apply a patch",FALSE,,
日,にち,"sun,sunshine,day",FALSE,,
首都,しゅと,capital city,FALSE,,
反抗,はんこう,"opposition,resistance",FALSE,,
見る,みる,"to see,to watch",FALSE,,
,ごめんなさい,"I beg your pardon,excuse me",FALSE,,
思い出,おもいで,"memories,recollections,reminiscence",FALSE,,
届く,とどく,to reach,FALSE,,
,そのうち,"eventually,sooner or later,of the previously mentioned",FALSE,,
嬉しい,うれしい,"happy,glad,pleasant",FALSE,,
我慢,がまん,"patience,endurance,perseverance",FALSE,,
年寄,としより,"old people,the aged",FALSE,,
代金,だいきん,"price,payment,cost,charge",FALSE,,
有効,ゆうこう,"validity,availability,effectiveness",FALSE,,
端,はし,"end (e.g. of street),edge,tip,margin,point",FALSE,,
言語,げんご,language,FALSE,,
振る,ふる,"(1) to wave,to shake,to swing,(2) to sprinkle,(3) to cast (actor),to allocate (work)",FALSE,,
承認,しょうにん,"recognition,acknowledgement,approval,consent,agreement",FALSE,,
借金,しゃっきん,"debt,loan,liabilities",FALSE,,
小屋,こや,"hut,cabin,shed,(animal) pen",FALSE,,
現金,げんきん,"cash,ready money,mercenary,self-interested",FALSE,,
競技,きょうぎ,"game,match,contest",FALSE,,
議長,ぎちょう,chairman,FALSE,,
旗,はた,flag,FALSE,,
分ける,わける,"to divide,to separate",FALSE,,
,セット,set,FALSE,,
成長,せいちょう,"growth,grow to adulthood",FALSE,,
広がる,ひろがる,"to spread (out),to extend,to stretch,to reach to,to get around",FALSE,,
掃除,そうじ,"cleaning,sweeping",FALSE,,
陰,かげ,"shade,shadow,other side",FALSE,,
直,じき,"earnestly,immediately,exactly",FALSE,,
その,その,"the,that",FALSE,,
知能,ちのう,"intelligence,brains",FALSE,,
言わば,いわば,so to speak,FALSE,,
,あるいは,"or,possibly",FALSE,,
秒,びょう,second (60th min),FALSE,,
,やはり,"also,as I thought,still,in spite of,absolutely,of course",FALSE,,
解く,とく,to unfasten,FALSE,,
生産,せいさん,"production,manufacture",FALSE,,
何,なに,what,FALSE,,
最低,さいてい,"least,lowest,worst",FALSE,,
噂,うわさ,"rumour,report,gossip,common talk",FALSE,,
自然,しぜん,"nature,spontaneous",FALSE,,
優れる,すぐれる,"to surpass,to outstrip,to excel",FALSE,,
言う,ゆう,to say,FALSE,,
印象,いんしょう,impression,FALSE,,
,ペンキ,(n) paint (nl: pek),FALSE,,
厄介,やっかい,"trouble,burden,care,bother",FALSE,,
論争,ろんそう,"controversy,dispute",FALSE,,
しまった,（感）,Damn it!,FALSE,,
冗談,じょうだん,"jest,joke",FALSE,,
当たる,あたる,"to be hit,to be successful,to be equivalent to",FALSE,,
痛み,いたみ,"pain,ache,sore,grief,distress",FALSE,,
下す,おろす,"to lower,to let go down",FALSE,,
論文,ろんぶん,"thesis,essay,treatise,paper",FALSE,,
,うがい,"gargle,rinse mouth",FALSE,,
疲れ,つかれ,"tiredness,fatigue",FALSE,,
,デート,"date,go on a date",FALSE,,
横断,おうだん,crossing,FALSE,,
余裕,よゆう,"surplus,composure,margin,room,time,allowance,scope,rope",FALSE,,
,ずっと,"consecutively,throughout,a lot",FALSE,,
最も,もっとも,"most,extremely",FALSE,,
意外,いがい,"unexpected,surprising",FALSE,,
幅,はば,"width,breadth",FALSE,,
賞,しょう,"prize,award",FALSE,,
健康,けんこう,"health,sound,wholesome",FALSE,,
教師,きょうし,teacher (classroom),FALSE,,
外交,がいこう,diplomacy,FALSE,,
終,おわり,the end,FALSE,,
大会,たいかい,"convention,tournament,mass meeting,rally",FALSE,,
熱心,ねっしん,"zeal,enthusiasm",FALSE,,
伝統,でんとう,"tradition,convention",FALSE,,
話題,わだい,"topic,subject",FALSE,,
条件,じょうけん,"conditions,terms",FALSE,,
宅,たく,"house,home,husband",FALSE,,
,あした,tomorrow,FALSE,,
親友,しんゆう,"close friend,buddy",FALSE,,
燃える,もえる,to burn,FALSE,,
新た,あらた,"new,fresh,novel",FALSE,,
,ラケット,"paddle,racket",FALSE,,
皮,かわ,"skin,hide,leather,fur,pelt,bark,shell",FALSE,,
,ぼんやり,"absent-minded,block-head,dim,faint,vague",FALSE,,
騒音,そうおん,noise,FALSE,,
硬い,かたい,"solid,hard (esp. metal, stone),unpolished writing",FALSE,,
世紀,せいき,"century,era",FALSE,,
文,ぶん,sentence,FALSE,,
微妙,びみょう,"delicate,subtle",FALSE,,
語る,かたる,"to talk,to tell,to recite",FALSE,,
大気,たいき,atmosphere,FALSE,,
気温,きおん,temperature,FALSE,,
作品,さくひん,"work,opus,performance,production",FALSE,,
位,くらい,"grade,rank,about",FALSE,,
泳ぎ,およぎ,swimming,FALSE,,
次第,しだい,"(1) order,precedence,(2) circumstances,(3) immediate(ly)",FALSE,,
現状,げんじょう,"present condition,existing state,status quo",FALSE,,
日付,ひづけ,"date,dating",FALSE,,
欠点,けってん,"faults,defect,weakness",FALSE,,
暗記,あんき,"memorization,learning by heart",FALSE,,
,それと,,FALSE,,
増加,ぞうか,"increase,addition",FALSE,,
発明,はつめい,invention,FALSE,,
値段,ねだん,"price,cost",FALSE,,
,ベンチ,bench,FALSE,,
覆う,おおう,"to cover,to hide,to conceal,to wrap,to disguise",FALSE,,
戻す,もどす,"to restore,to put back,to return",FALSE,,
辛い,つらい,"painful,heart-breaking",FALSE,,
物質,ぶっしつ,"material,substance",FALSE,,
平均,へいきん,"equilibrium,balance,average,mean",FALSE,,
演奏,えんそう,musical performance,FALSE,,
,グラス,"(1) glass,(2) grass",FALSE,,
,カード,"card,curd",FALSE,,
曇,くもり,"cloudiness,cloudy weather,shadow",FALSE,,
,どんなに,"how,how much",FALSE,,
様子,ようす,"aspect,state,appearance",FALSE,,
戦う,たたかう,"to fight,to battle,to combat",FALSE,,
菓子,かし,pastry,FALSE,,
鼠,ねずみ,"(1) mouse,rat,(2) dark gray,slate color",FALSE,,
勿論,もちろん,"of course,certainly,naturally",FALSE,,
居る,おる,"to be (animate),to be,to exist",FALSE,,
留める,とめる,"to fasten,to turn off,to detain",FALSE,,
掲示,けいじ,"notice,bulletin",FALSE,,
宝,たから,treasure,FALSE,,
肩,かた,shoulder,FALSE,,
出来るだけ,できるだけ,if at all possible,FALSE,,
水準,すいじゅん,"(1) water level,(2) level,standard",FALSE,,
刀,かたな,"sword,saber,knife,engraving tool",FALSE,,
都市,とし,"town,city,municipal,urban",FALSE,,
田,た,rice field,FALSE,,
唯,たった,"free of charge,mere,sole,only,usual,common",FALSE,,
,グランド,"gland,grand,(electrical) ground",FALSE,,
貯金,ちょきん,(bank) savings,FALSE,,
以来,いらい,"since,henceforth",FALSE,,
投票,とうひょう,"voting,poll",FALSE,,
学者,がくしゃ,scholar,FALSE,,
就職,しゅうしょく,"finding employment,inauguration",FALSE,,
正午,しょうご,"noon,mid-day",FALSE,,
放送,ほうそう,"broadcast,broadcasting",FALSE,,
生命,せいめい,"life,existence",FALSE,,
度,たび,counter for occurrences,FALSE,,
典型,てんけい,"type,pattern,archetypal",FALSE,,
後,ご,"afterwards,since then,in the future",FALSE,,
欠ける,かける,to be lacking,FALSE,,
是非,ぜひ,"certainly,without fail",FALSE,,
塔,とう,"tower,pagoda",FALSE,,
型,かた,"mold,model,style,shape,data-type",FALSE,,
,ビデオ,video,FALSE,,
彼等,かれら,they (usually male),FALSE,,
発達,はったつ,"development,growth",FALSE,,
宿泊,しゅくはく,lodging,FALSE,,
防ぐ,ふせぐ,"to defend (against),to protect,to prevent",FALSE,,
,やがて,"before long,soon,at length",FALSE,,
お昼,おひる,"lunch,noon",FALSE,,
,あんなに,"to that extent,to that degree",FALSE,,
,おめでとう,"Congratulations!,an auspicious occasion!",FALSE,,
相談,そうだん,"consultation,discussion",FALSE,,
,ありがとう,"(conj,exp,int) Thank you",FALSE,,
後者,こうしゃ,the latter,FALSE,,
幸福,こうふく,"happiness,blessedness",FALSE,,
,にっこり,"smile sweetly,smile,grin",FALSE,,
対象,たいしょう,"target,object (of worship, study, etc),subject (of taxation, etc)",FALSE,,
残す,のこす,"to leave (behind, over),to bequeath,to save,to reserve",FALSE,,
何,なん,what,FALSE,,
昇る,のぼる,"to arise,to ascend,to go up",FALSE,,
来,らい,",for (10 days),next (year)",FALSE,,
無視,むし,"disregard,ignore",FALSE,,
商人,しょうにん,"trader,shopkeeper,merchant",FALSE,,
入学,にゅうがく,"entry to school or university,matriculation",FALSE,,
跡,あと,"(1) trace,tracks,mark,sign,(2) remains,ruins,(3) scar",FALSE,,
製品,せいひん,"manufactured goods,finished goods",FALSE,,
馬,うま,"(1) horse,(2) promoted bishop (shogi)",FALSE,,
,たとえ,"simile,metaphor,allegory",FALSE,,
参加,さんか,participation,FALSE,,
火災,かさい,"conflagration,fire",FALSE,,
,なぜなら,because,FALSE,,
実に,じつに,"indeed,truly,surely",FALSE,,
否,いや,"no,the noes",FALSE,,
譲る,ゆずる,"to turn over,to assign,to hand over",FALSE,,
被害,ひがい,damage,FALSE,,
芸術,げいじゅつ,"(fine) art,the arts",FALSE,,
違反,いはん,"violation (of law),transgression,infringement,breach",FALSE,,
金属,きんぞく,metal,FALSE,,
奥,おく,"interior,inner part",FALSE,,
湾,わん,"bay,gulf,inlet",FALSE,,
備える,そなえる,"to furnish,to provide for,to equip,to install",FALSE,,
,ライター,"lighter,rider,writer",FALSE,,
含む,ふくむ,"to hold in the mouth,to bear in mind",FALSE,,
作曲,さっきょく,"composition,setting (of music)",FALSE,,
管,くだ,"pipe,tube",FALSE,,
食欲,しょくよく,appetite (for food),FALSE,,
,マーケット,market,FALSE,,
動かす,うごかす,"to move,to shift",FALSE,,
臭い,くさい,"odour,scent,smell,stench",FALSE,,
勘定,かんじょう,"calculation,counting,consideration",FALSE,,
上京,じょうきょう,proceeding to the capital (Tokyo),FALSE,,
内容,ないよう,"subject,contents,matter,substance,detail,import",FALSE,,
野,の,field,FALSE,,
床,ゆか,floor,FALSE,,
特徴,とくちょう,"feature,characteristic",FALSE,,
笑い,わらい,"laugh,laughter,smile",FALSE,,
大家,おおや,"rich family,distinguished family",FALSE,,
うん,（感）,"fortune,luck",FALSE,,
刈る,かる,"to cut (hair),to mow (grass),to harvest",FALSE,,
丸,まる,"circle,full (month),perfection,purity,suffix for ship names",FALSE,,
御,お,honourable,FALSE,,
国語,こくご,national language,FALSE,,
我々,われわれ,we,FALSE,,
地球,ちきゅう,the earth,FALSE,,
毒,どく,"poison,toxicant",FALSE,,
用心,ようじん,"care,precaution,guarding,caution",FALSE,,
運,うん,"fortune,luck",FALSE,,
位置,いち,"place,situation,position,location",FALSE,,
文句,もんく,"phrase,complaint",FALSE,,
救う,すくう,"to rescue from,to help out of",FALSE,,
小麦,こむぎ,wheat,FALSE,,
便,びん,"way,means",FALSE,,
暖かい,あたたか(い),"warm,mild",FALSE,,
空,から,sky,FALSE,,
王,おう,"king,ruler,sovereign,monarch",FALSE,,
茶,ちゃ,tea,FALSE,,
会員,かいいん,"member,the membership",FALSE,,
眺める,ながめる,"to view,to gaze at",FALSE,,
不満,ふまん,"dissatisfaction,displeasure,discontent,complaints,unhappiness",FALSE,,
完了,かんりょう,"completion,conclusion",FALSE,,
,さっぱり,"feeling refreshed,feeling relieved,neat,trimmed",FALSE,,
,なかなか,"very,considerably,easily",FALSE,,
木曜,もくよう,Thursday,FALSE,,
上,かみ,"(1) first volume,(2) superior quality,(3) governmental",FALSE,,
魚,うお,fish,FALSE,,
発見,はっけん,"discovery,detection,finding",FALSE,,
,いつでも,"(at) any time,always,at all times,never (neg)",FALSE,,
包み,つつみ,"bundle,package,parcel,bale",FALSE,,
内,うち,inside,FALSE,,
普段,ふだん,"usually,habitually,ordinarily,always",FALSE,,
回,かい,counter for occurrences,FALSE,,
他人,たにん,"another person,unrelated person,outsider,stranger",FALSE,,
,よい,"good,nice,pleasant,ok",FALSE,,
激しい,はげしい,"violent,vehement,intense",FALSE,,
付き合い,つきあい,"association,socializing,fellowship",FALSE,,
上達,じょうたつ,"improvement,advance,progress",FALSE,,
駐車,ちゅうしゃ,parking (e.g. car),FALSE,,
疑う,うたがう,"to doubt,to distrust,to be suspicious of,to suspect",FALSE,,
表情,ひょうじょう,facial expression,FALSE,,
正式,せいしき,"due form,official,formality",FALSE,,
傾向,けいこう,"tendency,trend,inclination",FALSE,,
綿,めん,"cotton,padding",FALSE,,
必ずしも,かならずしも,"(not) always,(not) necessarily,(not) all,(not) entirely",FALSE,,
指す,さす,"to point,to put up umbrella,to play",FALSE,,
予算,よさん,"estimate,budget",FALSE,,
文字,もんじ,"letter (of alphabet),character",FALSE,,
想像,そうぞう,"imagination,guess",FALSE,,
会計,かいけい,"account,finance,accountant",FALSE,,
無,む,"nothing,naught,nil,zero",FALSE,,
表現,ひょうげん,"expression,presentation,representation (math)",FALSE,,
唯一,ゆいいつ,"only,sole,unique",FALSE,,
非常,ひじょう,"emergency,extraordinary,unusual",FALSE,,
招く,まねく,to invite,FALSE,,
信号,しんごう,"traffic lights,signal,semaphore",FALSE,,
辺り,あたり,"vicinity,nearby",FALSE,,
世話,せわ,"looking after,help,aid,assistance",FALSE,,
全体,ぜんたい,"whole,entirety,whatever (is the matter)",FALSE,,
感動,かんどう,"being deeply moved,excitement,impression,deep emotion",FALSE,,
職,しょく,employment,FALSE,,
学期,がっき,term (school),FALSE,,
針,はり,"needle,hand (e.g. clock)",FALSE,,
日本,にっぽん,Japan,FALSE,,
軍隊,ぐんたい,"army,troops",FALSE,,
徹底,てってい,"thoroughness,completeness",FALSE,,
そう,そう,so,FALSE,,
下,げ,"under,below,beneath",FALSE,,
景気,けいき,"condition,state,business (condition)",FALSE,,
酸素,さんそ,oxygen,FALSE,,
割る,わる,"to divide,to cut,to break,to halve",FALSE,,
恋人,こいびと,"lover,sweetheart",FALSE,,
九,きゅう,nine,FALSE,,
原,はら,"field,plain,prairie,tundra,moor,wilderness",FALSE,,
勝ち,かち,"win,victory",FALSE,,
黒板,こくばん,blackboard,FALSE,,
強力,きょうりょく,"herculean strength,mountain carrier-guide",FALSE,,
活用,かつよう,"conjugation,practical use",FALSE,,
国民,こくみん,"national,people,citizen",FALSE,,
身,み,"body,main part,oneself,sword",FALSE,,
通信,つうしん,"correspondence,communication,news,signal",FALSE,,
よろしく,（感）,"well,properly,suitably,best regards,please remember me",FALSE,,
苦しい,くるしい,"painful,difficult",FALSE,,
,サービス,"(1) service,support system,(2) goods or services without charge",FALSE,,
伸ばす,のばす,"to lengthen,to stretch,to reach out,to grow (beard)",FALSE,,
生地,きじ,birthplace,FALSE,,
脇,わき,side,FALSE,,
観光,かんこう,sightseeing,FALSE,,
歌手,かしゅ,singer,FALSE,,
深刻,しんこく,serious,FALSE,,
,しかも,"moreover,furthermore,nevertheless,and yet",FALSE,,
神経,しんけい,"nerve,sensitivity",FALSE,,
評判,ひょうばん,"fame,reputation,popularity,arrant",FALSE,,
濃い,こい,"thick (as of color, liquid),dense,strong",FALSE,,
,こんにちは,"hello,good day (daytime greeting, id)",FALSE,,
中央,ちゅうおう,"centre,central,center,middle",FALSE,,
神,かみ,god,FALSE,,
,いわゆる,"the so-called,so to speak",FALSE,,
終える,おえる,to finish,FALSE,,
,ところで,"by the way,even if,no matter what",FALSE,,
後,のち,"afterwards,since then,in the future",FALSE,,
経つ,たつ,"to pass,to lapse",FALSE,,
追い付く,おいつく,"to overtake,to catch up (with)",FALSE,,
回復,かいふく,"recovery (from illness),improvement,rehabilitation,restoration",FALSE,,
,キャプテン,captain,FALSE,,
頂く,いただく,"to receive,to take food or drink (hum)",FALSE,,
覚める,さめる,"to wake,to wake up",FALSE,,
,ジーンズ,jeans,FALSE,,
重要,じゅうよう,"important,momentous,essential,principal,major",FALSE,,
,わざと,on purpose,FALSE,,
本人,ほんにん,the person himself,FALSE,,
種,たね,"(1) seed,(2) material,(3) cause,source",FALSE,,
下さる,くださる,"(hon) to give,to confer",FALSE,,
世の中,よのなか,"society,the world,the times",FALSE,,
,ダンス,dance,FALSE,,
場面,ばめん,"scene,setting (e.g. of novel)",FALSE,,
食う,くう,(male) (vulg) to eat,FALSE,,
浴びる,あびる,"to bathe,to bask in the sun,to shower",FALSE,,
棒,ぼう,"pole,rod,stick",FALSE,,
,ほぼ,"almost,roughly,approximately",FALSE,,
,おまえ,"(fam) you (sing),presence (of a high personage)",FALSE,,
夜明け,よあけ,"dawn,daybreak",FALSE,,
冒険,ぼうけん,"risk,venture,adventure",FALSE,,
要点,ようてん,"gist,main point",FALSE,,
書斎,しょさい,study,FALSE,,
,センター,a center,FALSE,,
活動,かつどう,"action,activity",FALSE,,
構う,かまう,"to mind,to care about,to be concerned about",FALSE,,
以前,いぜん,"ago,since,before,previous",FALSE,,
縁,ふち,"a means, e.g. of living",FALSE,,
互い,たがい,"mutual,reciprocal",FALSE,,
替える,かえる,"to exchange,to interchange,to substitute,to replace",FALSE,,
,タイプライター,typewriter,FALSE,,
重視,じゅうし,"importance,stress,serious consideration",FALSE,,
贅沢,ぜいたく,"luxury,extravagance",FALSE,,
似合う,にあう,"to suit,to match,to become,to be like",FALSE,,
咳,せき,cough,FALSE,,
講演,こうえん,"lecture,address",FALSE,,
実,み,"fruit,nut,seed,content,good result",FALSE,,
順調,じゅんちょう,"favourable,doing well,O.K.,all right",FALSE,,
適度,てきど,moderate,FALSE,,
例,れい,"instance,example,case",FALSE,,
節,ふし,"tune,tone,knot,knob,point",FALSE,,
年月,ねんげつ,months and years,FALSE,,
恐れる,おそれる,"to fear,to be afraid of",FALSE,,
滅多に,めったに,"rarely (with neg. verb),seldom",FALSE,,
掛かる,かかる,"to take (e.g. time, money, etc),to hang",FALSE,,
誘う,さそう,"(1) to invite,to ask,(2) to tempt,to lure,to induce",FALSE,,
籠,かご,"basket,cage",FALSE,,
代表,だいひょう,"representative,representation,delegation,type,example,model",FALSE,,
占める,しめる,"(1) to comprise,to account for,to make up (of),(2) to hold,to occupy",FALSE,,
診察,しんさつ,medical examination,FALSE,,
応じる,おうじる,"to respond,to satisfy,to accept,to comply with,to apply for",FALSE,,
首相,しゅしょう,Prime Minister,FALSE,,
愉快,ゆかい,"pleasant,happy",FALSE,,
,チーズ,cheese,FALSE,,
品,ひん,"thing,article,goods,dignity,article (goods),counter for meal courses",FALSE,,
会,かい,"meeting,assembly,party,association,club",FALSE,,
実は,じつは,"as a matter of fact,by the way",FALSE,,
医療,いりょう,"medical care,medical treatment",FALSE,,
資源,しげん,resources,FALSE,,
仲間,なかま,"company,fellow,colleague,associate",FALSE,,
進める,すすめる,"to advance,to promote,to hasten",FALSE,,
手段,しゅだん,"means,way,measure",FALSE,,
,ざっと,"roughly,in round numbers",FALSE,,
吸収,きゅうしゅう,"absorption,suction,attraction",FALSE,,
,プロ,professional,FALSE,,
救助,きゅうじょ,"relief,aid,rescue",FALSE,,
体育,たいいく,"physical education,gymnastics,athletics",FALSE,,
警告,けいこく,"warning,advice",FALSE,,
間違い,まちがい,mistake,FALSE,,
見事,みごと,"splendid,magnificent,beautiful,admirable",FALSE,,
,これら,these,FALSE,,
修正,しゅうせい,"amendment,correction,revision,modification",FALSE,,
保存,ほぞん,"preservation,conservation,storage,maintenance",FALSE,,
情報,じょうほう,"information,(military) intelligence",FALSE,,
計る,はかる,"to measure,to weigh,to survey",FALSE,,
影響,えいきょう,"influence,effect",FALSE,,
瞬間,しゅんかん,"moment,second,instant",FALSE,,
結果,けっか,"result,consequence",FALSE,,
中古,ちゅうこ,"(1) used,second-hand,old",FALSE,,
輪,わ,"ring,hoop,circle",FALSE,,
刺激,しげき,"stimulus,impetus,incentive",FALSE,,
許可,きょか,"permission,approval",FALSE,,
霜,しも,frost,FALSE,,
頂上,ちょうじょう,"top,summit,peak",FALSE,,
気候,きこう,climate,FALSE,,
恩,おん,"favour,obligation,debt of gratitude",FALSE,,
要求,ようきゅう,"request,demand,requisition",FALSE,,
,スピーチ,speech,FALSE,,
桜,さくら,"cherry blossom,cherry tree",FALSE,,
演説,えんぜつ,"speech,address",FALSE,,
材料,ざいりょう,"ingredients,material",FALSE,,
程度,ていど,"degree,amount,grade,standard,of the order of (following a number)",FALSE,,
又,また,"again,and",FALSE,,
記入,きにゅう,"entry,filling in of forms",FALSE,,
予測,よそく,"prediction,estimation",FALSE,,
数,かず,"number,figure",FALSE,,
不,ふ,"un,non,negative prefix",FALSE,,
活気,かっき,"energy,liveliness",FALSE,,
近代,きんだい,present day,FALSE,,
大使,たいし,ambassador,FALSE,,
一家,いっか,"a house,a home,a family,a household",FALSE,,
哀れ,あわれ,"helpless,pity,sorrow,grief",FALSE,,
抱く,いだく,"(sl) to embrace,to hug,to harbour,to entertain",FALSE,,
額,ひたい,"forehead,brow",FALSE,,
筆,ふで,writing brush,FALSE,,
式,しき,"equation,formula,ceremony",FALSE,,
今日,こんにち,"today,this day",FALSE,,
手伝い,てつだい,"help,helper,assistant",FALSE,,
味方,みかた,"friend,ally,supporter",FALSE,,
道路,どうろ,"road,highway",FALSE,,
ここ,ここ,here,FALSE,,
捕まる,つかまる,"to be caught,to be arrested",FALSE,,
,わがまま,"selfishness,egoism,wilfulness,disobedience,whim",FALSE,,
攻撃,こうげき,"attack,strike,offensive,criticism,censure",FALSE,,
議論,ぎろん,"argument,discussion,dispute",FALSE,,
機関,きかん,"organ,mechanism,facility,engine",FALSE,,
握る,にぎる,"to grasp,to seize,to mould sushi",FALSE,,
遅刻,ちこく,"lateness,late coming",FALSE,,
九,く,nine,FALSE,,
清潔,せいけつ,clean,FALSE,,
都,みやこ,capital,FALSE,,
飯,めし,"(sl) meals,food",FALSE,,
願う,ねがう,"to desire,to wish,to request",FALSE,,
暮れ,くれ,"year end,sunset,nightfall,end",FALSE,,
適切,てきせつ,"pertinent,appropriate,adequate,relevance",FALSE,,
幸せ,しあわせ,"happiness,good fortune,luck,blessing",FALSE,,
失業,しつぎょう,unemployment,FALSE,,
商売,しょうばい,"trade,business,commerce,transaction,occupation",FALSE,,
,メモ,memorandum,FALSE,,
歩道,ほどう,"footpath,walkway,sidewalk",FALSE,,
同一,どういつ,"identity,sameness,similarity",FALSE,,
集中,しゅうちゅう,"concentration,focusing the mind",FALSE,,
出席,しゅっせき,"attendance,presence",FALSE,,
建築,けんちく,"construction,architecture",FALSE,,
精々,せいぜい,"at the most,at best,to the utmost,as much (far) as possible",FALSE,,
食糧,しょくりょう,"provisions,rations",FALSE,,
奨学金,しょうがくきん,scholarship,FALSE,,
最高,さいこう,"highest,supreme,the most",FALSE,,
皆,みんな,"all,everyone,everybody",FALSE,,
円,えん,"circle,money",FALSE,,
,しきりに,"frequently,repeatedly,incessantly,eagerly",FALSE,,
陸,りく,six (used in legal documents),FALSE,,
増す,ます,"to increase,to grow",FALSE,,
輸入,ゆにゅう,"importation,import,introduction",FALSE,,
経験,けいけん,experience,FALSE,,
慎重,しんちょう,"discretion,prudence",FALSE,,
既に,すでに,"already,too late",FALSE,,
,やや,"a little,partially,somewhat,a short time,a while",FALSE,,
結論,けつろん,conclusion,FALSE,,
単純,たんじゅん,simplicity,FALSE,,
球,きゅう,"globe,sphere,ball",FALSE,,
大半,たいはん,"majority,mostly,generally",FALSE,,
,アルバム,album,FALSE,,
,コード,"code,cord,chord",FALSE,,
確実,かくじつ,"certainty,reliability,soundness",FALSE,,
避ける,さける,"(1) to avoid (physical contact ),(2) to ward off,to avert",FALSE,,
仲,なか,"relation,relationship",FALSE,,
知事,ちじ,prefectural governor,FALSE,,
印,しるし,"(1) mark,(2) symbol,(3) evidence",FALSE,,
,よると,according to,FALSE,,
列,れつ,"queue,line,row",FALSE,,
従う,したがう,"to abide (by the rules),to obey,to follow,to accompany",FALSE,,
胸,むね,"breast,chest",FALSE,,
,ユーモア,humor,FALSE,,
束,たば,"handbreadth,bundle",FALSE,,
,ボール,"ball,bowl",FALSE,,
梅,うめ,"plum,plum-tree,lowest (of a three-tier ranking system)",FALSE,,
中,ちゅう,"inside,middle,among",FALSE,,
悲劇,ひげき,tragedy,FALSE,,
心配,しんぱい,"worry,concern,anxiety,care",FALSE,,
,ソファー,"sofa,couch",FALSE,,
新鮮,しんせん,fresh,FALSE,,
立派,りっぱ,"splendid,fine,handsome,elegant,imposing,prominent,legal,legitimate",FALSE,,
大陸,たいりく,continent,FALSE,,
断る,ことわる,"to refuse,to decline,to dismiss",FALSE,,
権利,けんり,"right,privilege",FALSE,,
呼吸,こきゅう,"breath,respiration",FALSE,,
,とんでもない,"unexpected,offensive,What a thing to say!,No way!",FALSE,,
降ろす,おろす,"to take down,to launch,to drop",FALSE,,
今後,こんご,"from now on,hereafter",FALSE,,
変更,へんこう,"change,modification,alteration",FALSE,,
命,いのち,"command,decree,life,destiny",FALSE,,
轢く,ひく,"to run somebody over (with vehicle),to knock someone down",FALSE,,
兎,うさぎ,"rabbit,hare,cony",FALSE,,
殺す,ころす,to kill,FALSE,,
温度,おんど,temperature,FALSE,,
遠慮,えんりょ,"diffidence,restraint,reserve",FALSE,,
,ピクニック,picnic,FALSE,,
納得,なっとく,"consent,assent,understanding",FALSE,,
鋭い,するどい,"pointed,sharp",FALSE,,
,たびたび,"often,repeatedly,frequently",FALSE,,
,バン,"bun,van (caravan),VAN (value-added network)",FALSE,,
勤め,つとめ,"(1) service,duty,business,responsibility,task,(2) Buddhist religious services",FALSE,,
国会,こっかい,"National Diet,parliament,congress",FALSE,,
注ぐ,つぐ,"to pour (into),to irrigate,to pay",FALSE,,
逮捕,たいほ,"arrest,apprehension,capture",FALSE,,
,おや,parents,FALSE,,
鎖,くさり,chain,FALSE,,
夢中,むちゅう,"daze,(in a) trance,ecstasy,delirium,engrossment",FALSE,,
,カー,car,FALSE,,
いえ,いえ,TODO same as いいえ?,FALSE,,
明後日,みょうごにち,day after tomorrow,FALSE,,
一度に,いちどに,all at once,FALSE,,
出発,しゅっぱつ,departure,FALSE,,
仏,ほとけ,"Buddha,merciful person,Buddhist image,the dead",FALSE,,
供給,きょうきゅう,"supply,provision",FALSE,,
叫ぶ,さけぶ,"to shout,to cry",FALSE,,
禁止,きんし,"prohibition,ban",FALSE,,
選手,せんしゅ,"(1) player (in game),(2) team",FALSE,,
延期,えんき,"postponement,adjournment",FALSE,,
支度,したく,preparation,FALSE,,
,どうしても,"by all means,at any cost,no matter what",FALSE,,
船,ふね,"ship,boat,watercraft,shipping,vessel,steamship",FALSE,,
度,ど,counter for occurrences,FALSE,,
犯人,はんにん,"offender,criminal",FALSE,,
流れる,ながれる,"to stream,to flow,to run (ink),to be washed away",FALSE,,
差,さ,"difference,variation",FALSE,,
無駄,むだ,"futility,uselessness",FALSE,,
風景,ふうけい,scenery,FALSE,,
拡大,かくだい,"magnification,enlargement",FALSE,,
輝く,かがやく,"to shine,to glitter,to sparkle",FALSE,,
有る,ある,"to be,to have",FALSE,,
知らせ,しらせ,notice,FALSE,,
化学,かがく,chemistry,FALSE,,
頼る,たよる,"to rely on,to have recourse to,to depend on",FALSE,,
様,よう,"way,manner,kind",FALSE,,
酔う,よう,"to get drunk,to become intoxicated",FALSE,,
発展,はってん,"development,growth",FALSE,,
,いたずら,"tease,prank,trick,practical joke",FALSE,,
郵便,ゆうびん,"mail,postal service",FALSE,,
,チャンス,"chance,opportunity",FALSE,,
頭痛,ずつう,headache,FALSE,,
笑顔,えがお,smiling face,FALSE,,
,ノック,"(1) knock,(2) fungo (baseball)",FALSE,,
詩,し,"poem,verse of poetry",FALSE,,
,ゆっくり,"slowly,at ease",FALSE,,
火曜,かよう,(abbr) Tuesday,FALSE,,
抜ける,ぬける,"to come out,to fall out,to be omitted",FALSE,,
袋,ふくろ,"bag,sack",FALSE,,
義務,ぎむ,"duty,obligation,responsibility",FALSE,,
,アイロン,(electric) iron,FALSE,,
感心,かんしん,"admiration,Well done!",FALSE,,
犯罪,はんざい,crime,FALSE,,
半ば,なかば,"middle,half,semi,halfway,partly",FALSE,,
,およそ,"about,roughly,as a rule,approximately",FALSE,,
教科書,きょうかしょ,text book,FALSE,,
著者,ちょしゃ,"author,writer",FALSE,,
穴,あな,hole,FALSE,,
死亡,しぼう,"death,mortality",FALSE,,
地方,ちほう,"area,locality,district,region,the coast",FALSE,,
僅か,わずか,"only,merely,a little,small quantity",FALSE,,
間,ま,"space,room,time,pause",FALSE,,
鍵,かぎ,key,FALSE,,
勉強,べんきょう,"study,diligence,discount,reduction",FALSE,,
軍,ぐん,"army,force,troops",FALSE,,
券,けん,"ticket,coupon,bond,certificate",FALSE,,
嘘,うそ,"lie,falsehood,incorrect fact,inappropriate",FALSE,,
服装,ふくそう,garments,FALSE,,
沖,おき,open sea,FALSE,,
幾つ,いくつ,"how many?,how old?",FALSE,,
週間,しゅうかん,"week,weekly",FALSE,,
故郷,こきょう,"home town,birthplace,old village,historic village",FALSE,,
州,しゅう,sandbank,FALSE,,
素,もと,prime,FALSE,,
大臣,だいじん,cabinet minister,FALSE,,
偉大,いだい,greatness,FALSE,,
金曜,きんよう,(abbr) Friday,FALSE,,
数える,かぞえる,to count,FALSE,,
人工,じんこう,"artificial,manmade,human work,human skill,artificiality",FALSE,,
技師,ぎし,"engineer,technician",FALSE,,
際,さい,"on the occasion of,circumstances",FALSE,,
鉄道,てつどう,railroad,FALSE,,
文字,もじ,"letter (of alphabet),character",FALSE,,
常に,つねに,"always,constantly",FALSE,,
迷子,まいご,lost (stray) child,FALSE,,
持ち上げる,もちあげる,"to raise,to lift up,to flatter",FALSE,,
重大,じゅうだい,"serious,important,grave,weighty",FALSE,,
遂に,ついに,"finally,at last",FALSE,,
,すてき,"lovely,dreamy,beautiful,great",FALSE,,
論じる,ろんじる,"to argue,to discuss,to debate",FALSE,,
鉄,てつ,iron,FALSE,,
革,かわ,leather,FALSE,,
更に,さらに,"furthermore,again,after all,more and more,moreover",FALSE,,
恋,こい,"love,tender passion",FALSE,,
様々,さまざま,"varied,various",FALSE,,
存在,そんざい,"existence,being",FALSE,,
合計,ごうけい,"sum total,total amount",FALSE,,
隠れる,かくれる,"to hide,to be hidden,to conceal oneself,to disappear",FALSE,,
大変,たいへん,"awful,dreadful,terrible,very",FALSE,,
,そこで,"so (conj),accordingly,now,then,thereupon",FALSE,,
方向,ほうこう,"direction,course,way",FALSE,,
事実,じじつ,"fact,truth,reality",FALSE,,
不幸,ふこう,"unhappiness,sorrow,misfortune,disaster,accident,death",FALSE,,
話し合う,はなしあう,"to discuss,to talk together",FALSE,,
農業,のうぎょう,agriculture,FALSE,,
引退,いんたい,retire,FALSE,,
喧嘩,けんか,"quarrel,(drunken) brawl,failure",FALSE,,
行動,こうどう,"action,conduct,behaviour,mobilization",FALSE,,
賛成,Uӣ[い,"approval,agreement,support,favour",FALSE,,
処理,しょり,"processing,dealing with,treatment,disposition,disposal",FALSE,,
気に入る,きにいる,"to be pleased with,to suit",FALSE,,
,たまらない,"intolerable,unbearable,unendurable",FALSE,,
土,つち,"earth,soil",FALSE,,
肌,はだ,skin,FALSE,,
状況,じょうきょう,"state of affairs,situation,circumstances",FALSE,,
解決,かいけつ,"settlement,solution,resolution",FALSE,,
老人,ろうじん,"the aged,old person",FALSE,,
未来,みらい,"future (life, tense)",FALSE,,
自動,じどう,"automatic,self-motion",FALSE,,
食事,しょくじ,meal,FALSE,,
,バッグ,"bag,bug",FALSE,,
安定,あんてい,"stability,equilibrium",FALSE,,
宇宙,うちゅう,"universe,cosmos,space",FALSE,,
身長,しんちょう,"height (of body),stature",FALSE,,
生,せい,"(1) draft (beer),(2) raw,unprocessed",FALSE,,
表す,あらわす,"to express,to show,to reveal",FALSE,,
泡,あわ,"bubble,foam,froth,head on beer",FALSE,,
意志,いし,"will,volition",FALSE,,
狂う,くるう,"to go mad,to get out of order",FALSE,,
,ウイスキー,whisky,FALSE,,
対,たい,"pair,couple,set",FALSE,,
悩む,なやむ,"to be worried,to be troubled",FALSE,,
象,ぞう,elephant,FALSE,,
食料,しょくりょう,food,FALSE,,
大統領,だいとうりょう,"president,chief executive",FALSE,,
小,しょう,,FALSE,,
光景,こうけい,"scene,spectacle",FALSE,,
履く,はく,"to wear,to put on (lower body)",FALSE,,
容易,ようい,"easy,simple,plain",FALSE,,
過去,かこ,"the past,bygone days,the previous",FALSE,,
越す,こす,to go over (e.g. with audience),FALSE,,
曜日,ようび,day of the week,FALSE,,
決定,けってい,"decision,determination",FALSE,,
絵画,かいが,picture,FALSE,,
,あんまり,"not very,not much,remainder,rest",FALSE,,
守る,まもる,"to protect,to obey,to guard,to abide (by the rules)",FALSE,,
頬,ほお,cheek (of face),FALSE,,
,そのまま,"without change,as it is (i.e. now)",FALSE,,
高価,こうか,high price,FALSE,,
,おしゃべり,"chattering,talk,idle talk",FALSE,,
袖,そで,sleeve,FALSE,,
でも,でも,"but,however",FALSE,,
開始,かいし,"start,commencement,beginning",FALSE,,
信頼,しんらい,"reliance,trust,confidence",FALSE,,
真似,まね,"mimicry,imitation,behavior,pretense",FALSE,,
ふと,（副）,"suddenly,casually,accidentally,incidentally,unexpectedly,unintentionally",FALSE,,
批評,ひひょう,"criticism,review,commentary",FALSE,,
台,だい,"stand,rack,table,support",FALSE,,
案,あん,"plan,suffix meaning draft",FALSE,,
泥,どろ,mud,FALSE,,
免許,めんきょ,"license,permit,licence,certificate",FALSE,,
男の人,おとこのひと,man,FALSE,,
芽,め,sprout,FALSE,,